    #         X           Y           Z        CHARGE     ATOM    DISTANCE
  -------------------------------------------------------------------------
    1      0.1383      0.1383     18.0040      0.5327       1      0.9144
    2      0.0000      0.0000     18.8414      0.1753       1      0.0559
    3     24.3454     24.3454     19.3997      0.6681       1      0.9298
    4      0.2767      0.4150     23.0284      0.8854      75      0.4992
    5      0.0000      0.0000     23.5867      0.1959      75      0.5396
    6     24.6220     24.4837     26.7967      1.4594       5      0.9090
    7      0.1383      0.1383     27.3549      0.1759       5      0.0925
    8     24.4837     24.4837     27.6341      1.7057       5      0.9176
    9      0.1383      0.4150     31.8210      1.3400      79      0.4920
   10      0.0000      0.5533     23.0284      0.3072      75      0.5537
   11     24.4837      0.2767     23.1680      1.0769      75      0.5132
   12     24.4837      0.4150     26.6571      0.3024       5      0.9102
   13     24.4837      0.2767     31.8210      1.2073      79      0.5197
   14      0.0000      0.5533     18.1436      0.2386       1      0.9350
   15      0.0000      0.6916     19.5392      0.2028       1      0.9437
   16     24.6220      0.6916     27.9132      0.9332       5      0.9273
   17      0.4150      0.5533     18.2831      0.5633       1      0.9250
   18      0.2767      0.6916     19.3997      0.3599       1      0.8986
   19     24.4837      0.6916     26.7967      1.0682       5      0.9350
   20     24.4837      0.5533     18.2831      0.6205       1      0.9249
   21      0.0000      0.8300     27.9132      0.4479       5      0.9147
   22     24.4837      0.8300     27.0758      0.2522       5      0.9131
   23     24.4837      0.8300     27.4945      0.2580       5      0.9087
   24     24.3454      3.4582     30.7045      1.8495       7      0.9218
   25      0.5533      3.5965     22.6097      1.7241       3      0.8964
   26     24.6220      3.5965     23.7262      0.8776       3      0.9187
   27      0.2767      3.5965     31.8210      0.4267       7      0.9181
   28      0.0000      3.5965     18.8414      0.4725      73      0.5561
   29      0.4150      3.8731     18.8414      1.0360      73      0.5019
   30      0.0000      4.1498     26.7967      0.6944      77      0.5024
   31     24.4837      3.8731     18.8414      1.0717      73      0.5018
   32     24.3454      3.5965     22.6097      1.2900       3      0.8964
   33      0.1383      4.0115     27.0758      1.4063      77      0.4944
   34      0.0000      4.1498     27.6341      0.4099      77      0.5040
   35     24.3454      4.7031     30.7045      1.9661       7      0.9206
   36     24.6220      4.1498     31.9606      0.3285       7      0.9177
   37     24.4837      3.7348     31.8210      0.3429       7      0.9119
   38      0.2767      4.0115     31.9606      0.1942       7      0.9144
   39      0.5533      4.1498     18.8414      0.9334      73      0.5562
   40     24.3454      4.7031     27.0758      3.0242      77      0.5227
   41      0.0000      4.1498     24.0054      0.1786       3      0.9583
   42      0.0000      4.4264     31.9606      0.1365       7      0.9364
   43      0.0000      4.1498     23.0284      0.1822       3      0.0186
   44      0.0000      4.1498     31.1232      0.1745       7      0.0761
   45     24.3454      4.5648     22.4701      1.0178       3      0.9006
   46     24.4837      4.4264     18.8414      1.9859      73      0.5018
   47      0.2767      4.5648     18.8414      1.0832      73      0.5019
   48      0.5533      4.7031     22.6097      1.6679       3      0.8964
   49      0.5533      4.4264     23.7262      0.8895       3      0.9187
   50     24.6220      4.5648     31.8210      0.6033       7      0.9207
   51     24.3454      4.4264     23.7262      0.7143       3      0.9187
   52     24.6220      4.8414     27.2154      0.9481      77      0.5096
   53      0.0000      4.9797     30.8441      0.3615       7      0.9313
   54      0.2767      4.5648     31.8210      0.6746       7      0.9172
   55      0.1383      4.9797     31.2628      0.1007       7      0.9243
   56      0.0000      7.7463     18.1436      0.2384       9      0.9350
   57     24.3454      8.2996     31.8210      3.6035      87      0.5257
   58     24.4837      7.7463     18.2831      0.6930       9      0.9249
   59      0.4150      8.1612     31.8210      1.6418      87      0.4827
   60      0.1383      8.4379     18.0040      0.5327       9      0.9144
   61      0.2767      7.6079     19.3997      0.3562       9      0.8985
   62      0.0000      7.6079     19.5392      0.2030       9      0.9436
   63     24.4837      8.0229     23.1680      1.5943      83      0.5131
   64      0.0000      7.7463     23.0284      0.3076      83      0.5536
   65     24.4837      8.0229     26.7967      0.9648      13      0.9106
   66     24.4837      7.8846     27.6341      1.7713      13      0.9057
   67      0.4150      7.8846     26.6571      0.3050      13      0.9094
   68      0.4150      7.7463     18.2831      0.6219       9      0.9249
   69      0.0000      8.2996     23.5867      0.1949      83      0.5396
   70     24.3454      7.7463     19.3997      1.1246       9      0.9299
   71      0.4150      8.5762     23.0284      1.4346      83      0.4991
   72     24.4837      8.7145     26.6571      0.4898      13      0.9166
   73      0.0000      8.2996     18.8414      0.1744       9      0.0559
   74      0.4150      8.4379     31.8210      1.3674      87      0.5060
   75     24.4837      7.7463     27.3549      0.2214      13      0.9482
   76      0.1383      8.4379     27.3549      0.1787      13      0.0785
   77      0.0000      8.8529     23.0284      0.3048      83      0.5536
   78     24.4837      8.5762     23.1680      1.0829      83      0.5132
   79      0.0000      8.8529     18.1436      0.2405       9      0.9350
   80      0.0000      8.9912     19.5392      0.2030       9      0.9437
   81     24.6220      8.9912     27.9132      1.6488      13      0.9192
   82      0.2767      8.9912     19.3997      0.3604       9      0.8985
   83     24.4837      8.9912     26.7967      0.9039      13      0.9411
   84     24.4837      8.8529     18.2831      0.6209       9      0.9249
   85     24.4837      9.1295     27.0758      0.2322      13      0.9163
   86      0.0000     11.7577     30.4254      0.2381      15      0.9401
   87      0.2767     11.7577     30.5650      0.3350      15      0.8965
   88      0.0000     11.4811     30.9837      0.2155      15      0.9447
   89      0.5533     11.8960     22.6097      1.7187      11      0.8964
   90     24.3454     12.1727     23.7262      0.8096      11      0.9186
   91      0.0000     11.8960     18.8414      0.4735      81      0.5561
   92      0.4150     12.1727     18.8414      1.0396      81      0.5019
   93      0.0000     12.4493     26.7967      0.3081      85      0.4991
   94      0.1383     11.8960     31.8210      0.3511      15      0.9102
   95     24.4837     12.1727     18.8414      1.0690      81      0.5018
   96     24.3454     11.8960     22.6097      1.2939      11      0.8964
   97      0.0000     12.1727     27.0758      1.7284      85      0.5224
   98      0.0000     12.4493     27.6341      0.7898      85      0.4914
   99      0.1383     12.1727     31.9606      0.2589      15      0.9155
  100      0.4150      8.8529     18.2831      0.5618       9      0.9250
  101      0.5533     12.4493     18.8414      0.9314      81      0.5562
  102     24.4837     13.0026     26.9362      1.1592      85      0.5154
  103      0.0000     12.4493     24.0054      0.1776      11      0.9583
  104      0.0000     12.4493     23.0284      0.1822      11      0.0186
  105     24.2071     12.8643     30.7045      1.7415      15      0.8954
  106      0.0000     12.4493     31.1232      0.1764      15      0.0466
  107     24.4837     12.7260     18.8414      1.9860      81      0.5018
  108     24.2071     12.5877     22.4701      0.2348      11      0.9112
  109      0.2767     12.8643     18.8414      1.0834      81      0.5019
  110     24.3454     12.8643     22.4701      1.0187      11      0.9006
  111      0.0000     12.7260     31.9606      0.3178      15      0.9204
  112     24.4837     12.0344     31.8210      0.1603      15      0.9138
  113     24.7604     13.1410     22.4701      0.2251      11      0.9112
  114      0.5533     12.7260     23.7262      0.8595      11      0.9187
  115     24.3454     12.7260     23.7262      0.7917      11      0.9187
  116      0.0000     12.8643     27.6341      0.1095      85      0.5052
  117     24.3454     13.0026     27.2154      0.8046      85      0.5181
  118      0.5533     13.0026     30.7045      1.3471      15      0.9048
  119      0.0000     13.0026     31.8210      0.8236      15      0.9331
  120      0.5533     13.0026     22.6097      1.3536      11      0.8965
  121     24.6220     13.1410     27.2154      0.8759      85      0.5094
  122      0.1383     13.1410     30.5650      0.1703      15      0.9080
  123      0.2767     12.8643     31.8210      0.5286      15      0.9030
  124      0.0000     16.0458     18.1436      0.2378      17      0.9350
  125     24.4837     16.0458     18.2831      0.6904      17      0.9249
  126      0.0000     16.0458     31.6815      0.4014      95      0.5391
  127     24.4837     16.3225     31.8210      1.4640      95      0.5075
  128      0.1383     16.7374     18.0040      0.5289      17      0.9144
  129      0.2767     15.9075     19.3997      0.2893      17      0.8985
  130     24.3454     16.0458     19.3997      1.1916      17      0.9299
  131      0.0000     15.9075     19.5392      0.2029      17      0.9436
  132     24.4837     16.3225     23.1680      1.5969      91      0.5131
  133      0.0000     16.0458     23.0284      0.3066      91      0.5536
  134     24.6220     16.1841     26.7967      1.2873      21      0.9169
  135     24.4837     16.1841     27.6341      1.6294      21      0.9242
  136      0.2767     16.1841     31.8210      1.0239      95      0.5201
  137      0.6916     16.1841     26.7967      1.5277      21      0.9206
  138     24.7604     16.4608     18.0040      0.0852      17      0.9144
  139      0.4150     16.0458     18.2831      0.6196      17      0.9249
  140      0.0000     16.5991     23.5867      0.1959      91      0.5396
  141      0.4150     16.8758     31.6815      1.8988      95      0.5179
  142      0.4150     17.1524     18.2831      0.5662      17      0.9250
  143      0.8300     16.3225     27.7736      1.5344      21      0.9110
  144      0.4150     16.8758     23.0284      1.4368      91      0.4991
  145      0.0000     16.5991     18.8414      0.1753      17      0.0559
  146      0.1383     16.7374     27.3549      0.1768      21      0.0979
  147     24.4837     17.0141     26.6571      0.5322      21      0.9206
  148     24.4837     16.8758     31.8210      1.3995      95      0.5235
  149      0.0000     17.1524     23.0284      0.3070      91      0.5536
  150     24.4837     16.8758     23.1680      1.0792      91      0.5132
  151      0.0000     17.1524     18.1436      0.2390      17      0.9350
  152      0.0000     17.2907     19.5392      0.2028      17      0.9437
  153     24.6220     17.2907     27.9132      1.0537      21      0.9313
  154      0.2767     17.2907     19.3997      0.3614      17      0.8985
  155     24.4837     17.2907     26.7967      0.8829      21      0.9448
  156     24.4837     17.1524     18.2831      0.6202      17      0.9249
  157      0.0000     17.4291     27.9132      0.4491      21      0.9153
  158     24.4837     17.4291     27.4945      0.3341      21      0.9162
  159      0.0000     20.0573     30.4254      0.2027      23      0.9392
  160     24.3454     20.1956     30.5650      0.7535      23      0.9299
  161      0.5533     20.1956     22.6097      1.7227      19      0.8964
  162     24.6220     20.1956     23.7262      0.8739      19      0.9186
  163      0.1383     20.1956     31.8210      0.2168      23      0.9196
  164      0.0000     20.1956     18.8414      0.4781      89      0.5561
  165      0.4150     20.4722     18.8414      1.0434      89      0.5019
  166      0.0000     20.7489     26.7967      0.4587      93      0.4991
  167      0.4150     20.3339     31.8210      0.8251      23      0.9312
  168     24.4837     20.4722     18.8414      1.0617      89      0.5018
  169     24.3454     20.1956     22.6097      1.6702      19      0.8964
  170      0.1383     20.6106     27.0758      1.5935      93      0.4940
  171      0.0000     20.7489     27.6341      0.2997      93      0.5082
  172     24.6220     20.7489     31.9606      0.2319      23      0.9224
  173     24.2071     21.1639     30.7045      1.1902      23      0.9057
  174      0.1383     20.4722     31.9606      0.2378      23      0.9237
  175      0.5533     20.7489     18.8414      0.9335      89      0.5562
  176     24.3454     21.3022     27.0758      3.9368      93      0.5203
  177      0.0000     20.7489     24.0054      0.1800      19      0.9583
  178     24.4837     21.0256     18.8414      1.9862      89      0.5018
  179      0.0000     20.7489     23.0284      0.1822      19      0.0186
  180      0.0000     20.7489     31.1232      0.1773      23      0.0459
  181     24.3454     21.1639     22.4701      1.0222      19      0.9006
  182      0.0000     21.0256     31.9606      0.1664      23      0.9268
  183      0.2767     21.1639     18.8414      1.0807      89      0.5019
  184      0.5533     21.3022     22.6097      1.6699      19      0.8965
  185      0.5533     21.0256     23.7262      0.8770      19      0.9187
  186     24.4837     21.4405     30.7045      0.7793      23      0.9102
  187      0.0000     21.1639     26.7967      0.1917      93      0.5111
  188      0.0000     21.3022     31.8210      0.2518      23      0.9352
  189     24.6220     21.3022     23.7262      0.2857      19      0.9187
  190      0.2767     21.1639     31.8210      0.6586      23      0.8989
  191     24.4837     24.3454     18.2831      0.6904       1      0.9249
  192      0.0000     24.3454     31.8210      0.5815      79      0.5404
  193      0.0000     24.3454     18.1436      0.2375       1      0.9350
  194     24.4837     24.6220     31.8210      1.1308      79      0.4858
  195      0.2767     24.4837     31.8210      1.2370      79      0.5035
  196      0.2767     24.2071     19.3997      0.2895       1      0.8985
  197     24.6220     24.2071     19.3997      0.2768       1      0.8985
  198      0.0000     24.2071     19.5392      0.2030       1      0.9436
  199     24.4837     24.6220     23.1680      1.5949      75      0.5131
  200      0.0000     24.3454     23.0284      0.3085      75      0.5536
  201      0.6916     24.4837     26.7967      1.2611       5      0.9254
  202      0.6916     24.6220     27.9132      1.5171       5      0.9188
  203     24.7604     24.7604     18.0040      0.0851       1      0.9144
  204      0.5533     24.4837     18.2831      0.6210       1      0.9249
  205      0.4150      0.2767     23.0284      0.5557      75      0.4992
  206      0.5533      0.0000     23.0284      0.3067      75      0.5537
  207      0.2767     24.4837     23.1680      1.0775      75      0.5132
  208      0.4150      0.1383     31.8210      0.6567      79      0.4853
  209      0.5533      0.5533     19.3997      0.3801       1      0.9299
  210      0.5533      0.6916     19.1205      0.2553       1      0.9135
  211      0.2767      3.5965     23.7262      0.2247       3      0.9187
  212      0.6916      3.5965     23.3075      0.3505       3      0.9233
  213      0.5533      3.4582     30.7045      0.7882       7      0.9149
  214      0.5533      3.8731     23.7262      0.3714       3      0.9187
  215      0.5533      4.7031     30.7045      1.1292       7      0.9137
  216      0.5533      4.8414     23.3075      0.3970       3      0.9233
  217      0.5533      7.7463     19.3997      0.3418       9      0.9299
  218      0.6916      7.7463     19.1205      0.4633       9      0.9135
  219      0.2767      7.8846     23.1680      1.0777      83      0.5132
  220      0.5533      8.2996     23.0284      0.3119      83      0.5537
  221      0.5533      8.8529     19.3997      0.3435       9      0.9299
  222      0.5533      8.9912     19.1205      0.4586       9      0.9135
  223      0.5533     12.1727     23.7262      0.6243      11      0.9187
  224      0.4150     12.0344     31.8210      0.6138      15      0.9308
  225      0.5533     11.7577     23.3075      0.3520      11      0.9232
  226      0.5533     11.7577     30.8441      0.5632      15      0.9093
  227      0.6916     12.5877     22.4701      0.2121      11      0.9112
  228      0.5533     13.1410     23.3075      0.3893      11      0.9233
  229      0.5533     16.0458     19.3997      0.3415      17      0.9299
  230      0.6916     16.0458     19.1205      0.4638      17      0.9134
  231      0.2767     16.1841     23.1680      1.0792      91      0.5132
  232      0.5533     16.5991     23.0284      0.3087      91      0.5537
  233      0.5533     17.1524     19.3997      0.3437      17      0.9299
  234      0.6916     17.1524     19.1205      0.4582      17      0.9135
  235      0.5533     20.1956     30.5650      1.0551      23      0.9225
  236      0.2767     20.1956     23.7262      0.2260      19      0.9187
  237      0.5533     20.0573     23.3075      0.1910      19      0.9232
  238      0.5533     20.4722     23.7262      0.3710      19      0.9187
  239      0.4150     21.4405     30.7045      0.4206      23      0.9044
  240      0.6916     21.1639     30.7045      1.2907      23      0.8961
  241      0.5533     21.4405     23.3075      0.4082      19      0.9233
  242      0.5533     24.3454     19.3997      0.3418       1      0.9299
  243      0.6916     24.3454     19.1205      0.4657       1      0.9134
  244      0.5533      0.0000     18.1436      0.2380       1      0.9350
  245      0.6916      0.0000     19.5392      0.2026       1      0.9437
  246      0.8300      0.6916     27.7736      0.4088       5      0.9457
  247      0.5533      0.6916     18.7018      0.1221       1      0.9071
  248      0.6916      3.4582     30.9837      0.2496       7      0.9329
  249      0.4150      3.7348     31.8210      0.8176       7      0.9067
  250     24.2071      4.2881     22.4701      0.1305       3      0.9112
  251      0.6916      4.7031     30.9837      0.2987       7      0.9318
  252      0.6916      7.8846     26.7967      1.4245      13      0.9318
  253      0.6916      8.0229     27.9132      1.3686      13      0.9108
  254      0.5533      7.6079     18.7018      0.1216       9      0.9070
  255      0.5533      8.2996     18.1436      0.2384       9      0.9350
  256      0.6916      8.2996     19.5392      0.2019       9      0.9437
  257      0.8300      8.9912     26.9362      1.1446      13      0.9031
  258      0.6916      8.9912     27.9132      0.4155      13      0.9413
  259      0.5533      8.9912     18.7018      0.1217       9      0.9071
  260      0.4150      9.1295     27.9132      0.0632      13      0.9187
  261      3.5965     12.4493     31.6815      1.8530      88      0.5105
  262      0.5533     11.8960     30.5650      0.3521      15      0.9380
  263      0.5533     12.3110     31.8210      0.2511      15      0.9322
  264      0.6916     13.0026     30.9837      0.2729      15      0.9258
  265      0.5533     15.9075     18.7018      0.1219      17      0.9070
  266      0.5533     16.5991     18.1436      0.2377      17      0.9350
  267      0.6916     16.5991     19.5392      0.2024      17      0.9437
  268      0.8300     17.2907     27.7736      0.3235      21      0.9360
  269      0.5533     17.2907     18.7018      0.1227      17      0.9071
  270      0.5533     20.6106     31.8210      0.3546      23      0.9262
  271      0.5533     24.2071     18.7018      0.1213       1      0.9070
  272      0.6916      0.2767     19.3997      0.3611       1      0.8986
  273      0.8300      0.0000     26.6571      0.4178       5      0.9207
  274      0.6916      0.5533     19.1205      0.2053       1      0.9135
  275      0.8300      0.8300     27.0758      1.1541       5      0.9341
  276      0.4150      0.8300     27.9132      0.0629       5      0.9218
  277      0.6916      8.0229     19.3997      0.2101       9      0.8985
  278      0.6916      8.5762     19.3997      0.3623       9      0.8985
  279      4.2881      8.2996     31.9606      0.5982      14      0.9282
  280      0.6916     16.3225     19.3997      0.2095      17      0.8985
  281      0.6916     16.8758     19.3997      0.3625      17      0.8985
  282      0.8300     17.2907     26.7967      0.2992      21      0.9494
  283      0.8300     17.4291     27.0758      0.7251      21      0.9269
  284      0.4150     17.4291     27.9132      0.0584      21      0.9169
  285      0.6916     20.1956     23.3075      0.1598      19      0.9232
  286      0.6916     20.4722     30.5650      0.1569      23      0.8963
  287      0.6916     24.6220     19.3997      0.2096       1      0.8985
  288      0.8300      0.4150     27.9132      0.0649       5      0.9181
  289      0.8300      8.7145     27.9132      0.1219      13      0.9152
  290      7.4696     14.3859     36.5663      1.5226     145      1.1764
  291      0.8300     17.0141     26.6571      0.1035      21      0.9254
  292      0.8300     17.0141     27.9132      0.1593      21      0.9076
  293      0.8300     17.4291     27.4945      0.1474      21      0.9210
  294      3.5965      4.5648     18.2831      0.6181       4      0.9249
  295      8.0229      9.9595     38.3806      2.2621     148      1.1896
  296      3.1815     16.5991     30.9837      0.2628      22      0.9347
  297      3.5965      4.1498     18.1436      0.2401       4      0.9350
  298      3.5965      4.1498     31.6815      0.3930      80      0.5466
  299      3.8731      4.5648     31.8210      1.0161      80      0.5253
  300      3.4582      8.7145     31.6815      0.8883      14      0.9110
  301      3.4582      8.4379     31.8210      0.3172      14      0.9233
  302      3.5965     12.8643     18.2831      0.6219      12      0.9249
  303      3.5965     20.3339     18.2831      0.5614      20      0.9249
  304      3.5965     21.1639     18.2831      0.6177      20      0.9249
  305      3.8731      7.7463     31.8210      0.4660      14      0.9186
  306      8.4379     11.7577     38.1015      0.9789     148      1.2465
  307      8.2996     12.8643     37.1246      0.6457     145      1.2742
  308      3.5965     12.4493     18.1436      0.2377      12      0.9350
  309      3.7348     16.0458     31.6815      0.7760      22      0.9129
  310      3.5965     20.7489     18.1436      0.2391      20      0.9350
  311      3.5965      3.7348     18.2831      0.5583       4      0.9249
  312      4.4264      8.5762     31.8210      0.6055      14      0.9085
  313      3.7348     12.0344     31.5419      0.6201      88      0.5384
  314      4.5648     12.5877     31.6815      2.7574      88      0.5112
  315      4.1498     12.8643     31.8210      1.3560      88      0.5046
  316      3.8731      3.7348     31.8210      1.1801      80      0.4950
  317      4.1498      4.5648     31.9606      0.5992      80      0.5074
  318      3.5965      4.8414     19.1205      0.4689       4      0.9134
  319      3.4582      8.1612     31.8210      0.1406      14      0.9174
  320      8.1612     13.1410     35.0311      1.8679     145      1.1935
  321      8.4379     11.4811     39.9159      2.1111     148      1.1342
  322      3.7348     11.8960     18.2831      0.5698      12      0.9249
  323      7.1930     13.4176     35.7289      0.1782     145      1.1506
  324      3.8731     21.1639     31.8210      1.4842      96      0.5241
  325      3.5965      7.8846     31.8210      0.5370      14      0.9252
  326      4.1498     16.3225     31.9606      0.4048      22      0.9298
  327      3.5965     20.0573     19.1205      0.4583      20      0.9134
  328      3.4582     20.1956     18.7018      0.1225      20      0.9070
  329      3.5965     21.4405     18.7018      0.1216      20      0.9070
  330      3.5965      3.4582     19.1205      0.4585       4      0.9134
  331      3.4582      4.7031     18.7018      0.1228       4      0.9070
  332      4.0115      8.8529     31.8210      0.2526      14      0.9354
  333      3.5965     11.7577     19.1205      0.4619      12      0.9134
  334      3.5965     13.1410     19.1205      0.4632      12      0.9134
  335      3.7348     17.0141     31.8210      0.9073      22      0.9180
  336      4.1498     16.0458     31.8210      0.2508      22      0.9384
  337      3.8731     20.3339     31.6815      1.4714      96      0.5003
  338      3.4582     21.3022     19.1205      0.4636      20      0.9134
  339      3.4582     24.7604     30.4254      0.6495       6      0.9305
  340      3.3198      3.3198     27.0758      1.1580       8      0.9317
  341      3.4582      3.5965     18.7018      0.1215       4      0.9070
  342      3.4582      3.3198     27.7736      0.3878       8      0.9411
  343      3.3198      3.7348     27.9132      0.0594       8      0.9167
  344      3.4582      4.4264     27.9132      1.7048       8      0.9238
  345      3.4582      4.5648     26.7967      0.9760       8      0.9362
  346      3.4582      7.7463     30.5650      1.4452      14      0.9131
  347      3.3198      8.2996     30.4254      0.2144      14      0.9377
  348      4.5648      8.2996     31.8210      0.2832      14      0.9370
  349      3.3198      8.5762     30.5650      0.5787      14      0.8961
  350      8.2996      8.1612     35.3102      2.1336     149      0.0675
  351      3.4582      8.8529     30.5650      0.5668      14      0.9368
  352      3.3198     11.6194     27.2154      0.8698      16      0.9174
  353      3.4582     11.6194     26.9362      0.4097      16      0.8942
  354      3.3198     12.7260     27.6341      1.1923      16      0.9011
  355      3.3198     19.9189     27.0758      0.5019      24      0.9123
  356      3.3198     19.9189     27.4945      0.1985      24      0.9066
  357      3.4582     19.9189     27.7736      0.5264      24      0.9236
  358      3.4582     19.9189     26.7967      0.4998      24      0.9367
  359      3.4582     21.0256     27.9132      1.3924      24      0.9312
  360      3.4582     21.0256     26.6571      1.1064      24      0.9479
  361      3.4582      0.5533     30.7045      1.1292       6      0.9239
  362      4.1498      3.5965     31.6815      0.5986      80      0.5350
  363      3.3198      4.5648     27.0758      0.2757       8      0.9127
  364      3.5965     11.7577     18.7018      0.1224      12      0.9070
  365      3.3198     12.3110     26.6571      0.1758      16      0.9378
  366      3.5965     12.7260     26.6571      1.3680      16      0.9048
  367      3.3198     12.8643     27.3549      0.4448      16      0.9273
  368      3.5965     13.1410     18.7018      0.1231      12      0.9070
  369      3.5965     16.0458     30.5650      0.8432      22      0.9288
  370      3.5965     16.4608     31.8210      0.0581      22      0.9153
  371      3.5965     17.1524     30.5650      0.9133      22      0.9015
  372      3.3198     20.3339     27.9132      0.0831      24      0.9073
  373      3.3198     20.3339     26.6571      0.0514      24      0.9244
  374      3.3198     21.1639     27.0758      0.2735      24      0.9215
  375      3.3198     21.1639     27.4945      0.2403      24      0.9158
  376      3.5965     24.3454     30.5650      1.2670       6      0.9132
  377      3.8731     24.4837     18.8414      1.0693      74      0.5018
  378      3.5965      0.5533     22.6097      1.7260       2      0.8964
  379      3.5965     24.6220     23.7262      0.8354       2      0.9187
  380      3.5965      0.6916     23.3075      0.3504       2      0.9233
  381      3.5965      0.2767     23.7262      0.2256       2      0.9187
  382      3.7348      0.4150     31.8210      0.7938       6      0.9125
  383      3.4582      3.8731     19.3997      0.3603       4      0.8985
  384      3.8731      4.5648     23.1680      1.0730      76      0.5132
  385      3.4582      4.4264     19.3997      0.2093       4      0.8985
  386      3.5965      7.7463     22.6097      1.2899      10      0.8964
  387      4.0115      8.4379     27.0758      1.9047      86      0.5130
  388      4.1498      7.8846     27.6341      0.1730      86      0.5154
  389      3.5965      7.6079     23.3075      0.4138      10      0.9232
  390      3.7348      7.8846     23.7262      0.8681      10      0.8976
  391      3.5965      8.8529     22.6097      1.5609      10      0.8964
  392      8.2996      8.0229     32.1002      4.7005     111      0.5177
  393      3.4582      8.8529     23.3075      0.1924      10      0.9232
  394      3.8731      8.8529     23.7262      0.6242      10      0.9187
  395      3.4582     12.1727     19.3997      0.3587      12      0.8985
  396      3.4582     11.6194     27.7736      0.2390      16      0.9429
  397      3.4582     11.8960     26.6571      0.2688      16      0.9047
  398      3.8731     12.8643     23.1680      1.0837      84      0.5132
  399      3.4582     12.7260     19.3997      0.2102      12      0.8985
  400      3.5965     16.0458     22.6097      1.2922      18      0.8964
  401      3.5965     15.9075     23.3075      0.4097      18      0.9232
  402      3.4582     16.0458     30.8441      0.4820      22      0.9021
  403      3.5965     16.3225     23.7262      0.8098      18      0.9187
  404      3.5965     17.1524     22.6097      1.7170      18      0.8964
  405      3.4582     17.1524     23.3075      0.1953      18      0.9232
  406      3.5965     16.8758     23.7262      0.2524      18      0.9187
  407      4.0115     16.8758     31.9606      0.1327      22      0.9208
  408      3.7348     16.8758     18.8414      0.5663      90      0.5019
  409      3.4582     17.2907     30.9837      0.1513      22      0.9397
  410      3.4582     20.4722     19.3997      0.3623      20      0.8985
  411      3.8731     21.1639     23.1680      1.0795      92      0.5132
  412      3.4582     21.0256     19.3997      0.2098      20      0.8985
  413      3.5965     24.3454     22.6097      1.2902       2      0.8964
  414      3.5965     24.2071     23.3075      0.4109       2      0.9232
  415      3.7348     24.4837     31.8210      0.6426       6      0.9167
  416      3.5965      0.0000     18.8414      0.4784      74      0.5561
  417      3.7348      0.2767     18.8414      1.0280      74      0.5019
  418      4.1498      0.0000     26.7967      1.0115      78      0.5071
  419      4.1498      0.5533     18.8414      0.9351      74      0.5562
  420      3.8731      0.5533     23.7262      0.3717       2      0.9187
  421      4.0115      0.1383     27.0758      1.0410      78      0.5034
  422      4.0115      0.5533     31.8210      0.4196       6      0.9182
  423      3.8731      3.4582     19.3997      0.3626       4      0.8985
  424      4.4264      0.5533     23.7262      0.8876       2      0.9187
  425      3.5965      3.5965     19.3997      0.3435       4      0.9299
  426      3.8731      3.7348     23.0284      1.4456      76      0.4991
  427      4.0115      4.0115     18.0040      0.5387       4      0.9144
  428      3.4582      4.1498     19.5392      0.2022       4      0.9437
  429      3.5965      4.1498     23.0284      0.3080      76      0.5536
  430      3.5965      4.7031     19.3997      0.3417       4      0.9299
  431      4.5648      4.4264     26.7967      1.3597       8      0.9139
  432      4.4264      4.5648     31.8210      1.8564      80      0.5329
  433      3.8731      4.8414     19.3997      0.3558       4      0.8985
  434      4.7031      7.7463     27.0758      4.1707      86      0.5009
  435      3.8731      7.8846     18.8414      1.0611      82      0.5018
  436      3.5965      8.2996     18.8414      0.4838      82      0.5561
  437      3.8731      8.7145     18.8414      1.0275      82      0.5019
  438      4.1498      8.2996     26.7967      0.2527      86      0.5100
  439      4.1498      8.8529     18.8414      0.9382      82      0.5561
  440      3.8731     11.7577     19.3997      0.3599      12      0.8985
  441      3.5965      8.9912     23.3075      0.1594      10      0.9232
  442      3.5965     11.8960     19.3997      0.3447      12      0.9299
  443      3.8731     12.0344     23.1680      1.5164      84      0.5132
  444      3.4582     12.4493     19.5392      0.2022      12      0.9437
  445      3.5965     12.4493     23.0284      0.3051      84      0.5536
  446      4.0115     12.3110     18.0040      0.5321      12      0.9144
  447      3.8731     12.3110     26.3780      0.0563      16      0.9350
  448      3.5965     13.0026     19.3997      0.4617      12      0.9299
  449      3.8731     13.1410     19.3997      0.3568      12      0.8985
  450      4.1498     16.5991     26.7967      1.7835      94      0.5094
  451      4.7031     16.0458     27.0758      3.2774      94      0.4917
  452      3.8731     16.1841     18.8414      1.0584      90      0.5018
  453      3.5965     16.5991     18.8414      0.4864      90      0.5561
  454      4.5648     16.1841     26.7967      1.2410      94      0.4929
  455      4.1498     17.1524     18.8414      0.9400      90      0.5561
  456      3.8731     17.1524     23.7262      0.3988      18      0.9187
  457      3.8731     17.0141     18.8414      0.4623      90      0.5019
  458      3.8731     20.0573     19.3997      0.3625      20      0.8985
  459      3.5965     17.2907     23.3075      0.1598      18      0.9232
  460      4.5648     20.4722     31.8210      1.4999      96      0.5263
  461      3.5965     20.1956     19.3997      0.3436      20      0.9299
  462      3.8731     20.3339     23.0284      1.4371      92      0.4991
  463      3.4582     20.7489     19.5392      0.2029      20      0.9437
  464      3.5965     20.7489     23.0284      0.3079      92      0.5536
  465      4.0115     20.6106     18.0040      0.5370      20      0.9144
  466      3.5965     21.3022     19.3997      0.3416      20      0.9299
  467      3.8731     21.4405     19.3997      0.3559      20      0.8985
  468      4.7031     24.3454     27.0758      4.1111      78      0.5132
  469      4.1498     24.4837     27.6341      0.0946      78      0.5050
  470      4.4264     21.1639     31.8210      1.4642      96      0.5245
  471      4.1498      0.0000     27.6341      0.4102      78      0.5100
  472      4.7031     24.3454     30.7045      1.8170       6      0.9112
  473      3.7348      3.3198     27.9132      0.0828       8      0.9138
  474      4.0115      7.6079     30.4254      0.1722      14      0.9398
  475      4.0115      7.6079     22.4701      0.2807      10      0.9112
  476      4.4264      7.8846     18.8414      1.9903      82      0.5019
  477      3.7348      8.9912     30.5650      0.2437      14      0.9156
  478      3.7348     11.6194     27.9132      0.2392      16      0.9050
  479      3.7348     12.8643     27.9132      0.2031      16      0.9174
  480      4.0115     15.9075     22.4701      0.2751      18      0.9112
  481      4.4264     16.1841     18.8414      1.1773      90      0.5018
  482      4.7031     16.0458     30.7045      1.8996      22      0.9079
  483      4.2881     16.5991     27.6341      0.3652      94      0.4910
  484      4.0115     24.2071     22.4701      0.2796       2      0.9112
  485      4.1498     21.1639     31.9606      0.3331      96      0.5138
  486      4.4264     24.4837     18.8414      1.0197      74      0.5018
  487      4.4264      8.0229     31.8210      0.4952      14      0.8963
  488      3.7348      4.5648     26.6571      0.3409       8      0.9129
  489      4.2881      7.6079     30.5650      0.5000      14      0.8991
  490      4.4264     12.8643     23.1680      1.5986      84      0.5132
  491      3.8731     15.9075     30.5650      0.2473      22      0.9127
  492      4.0115     17.1524     31.8210      0.4457      22      0.9159
  493      3.7348     19.9189     26.6571      0.1476      24      0.9154
  494      4.4264     21.1639     23.1680      1.5952      92      0.5132
  495      3.7348     21.1639     26.6571      0.3872      24      0.9246
  496      4.0115     24.3454     31.8210      0.4364       6      0.9237
  497      4.5648     24.3454     22.4701      1.0151       2      0.9006
  498      4.4264      3.4582     27.9132      1.4570       8      0.9172
  499      4.4264      4.5648     23.1680      1.5938      76      0.5132
  500      4.2881      7.6079     22.4701      0.2355      10      0.9112
  501      4.7031      8.8529     22.6097      1.7304      10      0.8964
  502      4.4264     16.1841     31.8210      0.5522      22      0.9157
  503      4.5648     16.0458     22.4701      1.0322      18      0.9006
  504      4.4264     19.9189     27.7736      1.5733      24      0.9097
  505      4.0115      0.2767     31.9606      0.2865       6      0.9164
  506      4.2881     24.2071     22.4701      0.2316       2      0.9112
  507      4.5648      4.5648     27.6341      1.7928       8      0.9193
  508      4.1498      4.7031     18.1436      0.2365       4      0.9350
  509      4.4264     11.7577     26.6571      1.3910      16      0.9086
  510      4.4264     17.2907     30.5650      1.4862      22      0.9021
  511      4.1498      3.5965     18.1436      0.2390       4      0.9350
  512      4.1498      3.3198     26.6571      0.3814       8      0.9228
  513      4.1498      4.7031     23.0284      0.3075      76      0.5536
  514      4.1498     13.0026     23.0284      0.3080      84      0.5536
  515      4.2881     15.9075     22.4701      0.2272      18      0.9112
  516      4.5648     16.8758     18.8414      1.0828      90      0.5019
  517      4.5648     20.4722     23.1680      1.0796      92      0.5132
  518      4.1498     21.3022     23.0284      0.3088      92      0.5537
  519      4.1498     24.6220     31.9606      0.2642       6      0.9171
  520      4.5648      3.4582     26.7967      1.0398       8      0.9287
  521      4.1498      3.4582     19.5392      0.2019       4      0.9437
  522      4.1498      3.5965     23.0284      0.3082      76      0.5536
  523      4.7031      0.5533     30.7045      1.2209       6      0.9056
  524      4.1498      4.1498     23.5867      0.2003      76      0.5396
  525      4.1498      4.8414     19.5392      0.2024       4      0.9437
  526      4.1498     11.8960     18.1436      0.2396      12      0.9350
  527      4.1498     11.7577     19.5392      0.2021      12      0.9436
  528      4.1498     11.8960     23.0284      0.3063      84      0.5536
  529      4.1498     13.1410     19.5392      0.2022      12      0.9437
  530      4.5648     12.8643     27.6341      1.5969      16      0.9123
  531      4.5648     20.0573     26.7967      1.5272      24      0.9220
  532      4.1498     20.0573     19.5392      0.2027      20      0.9436
  533      4.1498     20.1956     23.0284      0.3075      92      0.5536
  534      4.1498     21.4405     19.5392      0.2025      20      0.9437
  535      4.5648     21.0256     27.7736      1.7466      24      0.9159
  536      4.7031      0.5533     22.6097      1.5707       2      0.8964
  537      4.5648      0.2767     18.8414      1.0853      74      0.5019
  538      4.5648      3.8731     31.8210      0.9841      80      0.5102
  539      4.7031      4.7031     19.3997      0.7055       4      0.9299
  540      4.5648      8.8529     30.7045      1.7682      14      0.8960
  541      4.1498     12.4493     23.5867      0.2001      84      0.5396
  542      4.7031     17.1524     22.6097      1.2980      18      0.8964
  543      4.5648     16.8758     31.8210      0.6930      22      0.9045
  544      4.1498     20.1956     18.1436      0.2378      20      0.9350
  545      4.5648     21.0256     26.7967      0.5637      24      0.9291
  546      4.7031     21.3022     19.3997      0.9150      20      0.9299
  547      4.1498     21.3022     18.1436      0.2378      20      0.9350
  548      4.5648     11.6194     27.6341      0.5069      16      0.8998
  549      4.2881     11.6194     27.9132      0.7146      16      0.9140
  550      4.1498     13.0026     18.1436      0.2371      12      0.9350
  551      4.1498     17.2907     30.4254      0.2491      22      0.9376
  552      4.1498     20.7489     23.5867      0.1962      92      0.5396
  553      4.5648      3.8731     23.1680      1.0739      76      0.5132
  554      4.5648      8.5762     18.8414      1.0831      82      0.5019
  555      4.4264      8.8529     23.7262      0.8256      10      0.9187
  556      4.5648     20.7489     31.9606      0.3544      96      0.5151
  557      4.1498      0.0000     24.0054      0.1793       2      0.9583
  558      4.4264      0.0000     31.9606      0.1279       6      0.9324
  559      4.0115      4.0115     27.3549      0.1749       8      0.0927
  560      4.1498      8.2996     24.0054      0.1792      10      0.9583
  561      4.0115      8.2996     31.1232      0.1764      14      0.0509
  562      4.0115     12.1727     27.3549      0.1796      16      0.0817
  563      4.1498     16.5991     24.0054      0.1794      18      0.9583
  564      4.4264     17.1524     23.7262      0.8101      18      0.9187
  565      4.7031     16.5991     31.8210      0.2317      22      0.9480
  566      4.0115     20.4722     27.3549      0.1759      24      0.1016
  567      4.1498      0.0000     23.0284      0.1822       2      0.0186
  568      4.1498      0.0000     31.1232      0.1764       6      0.0653
  569      4.5648      3.5965     18.2831      0.6187       4      0.9249
  570      4.1498      4.1498     18.8414      0.1744       4      0.0559
  571      4.1498      8.2996     23.0284      0.1822      10      0.0186
  572      4.5648     12.1727     23.1680      0.9993      84      0.5132
  573      4.1498     12.4493     18.8414      0.1743      12      0.0559
  574      4.1498     16.5991     23.0284      0.1822      18      0.0186
  575      4.1498     16.5991     31.1232      0.1783      22      0.0616
  576      7.8846     16.4608     31.8210      1.4348     119      0.5177
  577      4.7031     20.1956     18.4227      0.4283      20      0.9151
  578      7.8846     16.7374     31.8210      1.2003     119      0.4967
  579      4.1498     20.7489     18.8414      0.1753      20      0.0559
  580      4.4264     24.3454     23.7262      0.6699       2      0.9187
  581      4.5648     24.6220     31.8210      0.7591       6      0.9143
  582      4.5648     21.3022     18.2831      0.6924      20      0.9250
  583      4.7031      4.7031     18.4227      0.6904       4      0.9152
  584      4.4264      7.7463     23.7262      0.7474      10      0.9187
  585      4.5648     11.8960     18.2831      0.6212      12      0.9249
  586      4.7031     13.0026     19.3997      0.5817      12      0.9299
  587      4.5648     13.0026     18.2831      0.6915      12      0.9249
  588      4.4264     16.0458     23.7262      0.3227      18      0.9187
  589      4.5648      7.7463     22.4701      1.0190      10      0.9006
  590      4.2881     12.5877     18.0040      0.0737      12      0.9144
  591      4.5648      3.7348     26.6571      0.3038       8      0.9072
  592      4.5648      7.6079     30.8441      0.2338      14      0.9163
  593      4.5648      7.7463     30.5650      0.7540      14      0.9401
  594      4.7031     11.6194     27.2154      0.3020      16      0.9395
  595      4.5648     12.8643     26.9362      0.7082      16      0.9247
  596      4.1498     12.8643     26.6571      0.0957      16      0.9152
  597      4.7031     12.8643     27.3549      0.2284      16      0.9491
  598      4.1498     21.1639     26.6571      0.1037      24      0.9186
  599      4.5648     21.1639     27.0758      0.2288      24      0.9035
  600      4.5648     24.6220     18.8414      0.9672      74      0.5018
  601      4.8414     24.7604     22.4701      0.2259       2      0.9112
  602      4.5648      0.2767     31.8210      0.6668       6      0.9115
  603      4.8414      0.5533     23.3075      0.3978       2      0.9233
  604      4.4264      3.4582     19.3997      0.2100       4      0.8985
  605      4.8414      3.5965     19.1205      0.4676       4      0.9134
  606      4.7031      3.5965     19.3997      0.3414       4      0.9299
  607      4.7031      4.1498     23.0284      0.3072      76      0.5536
  608      4.2881      4.2881     18.0040      0.0847       4      0.9144
  609      4.4264      4.8414     19.3997      0.2101       4      0.8985
  610      4.8414      4.7031     19.1205      0.3837       4      0.9134
  611      4.8414      7.7463     23.3075      0.4130      10      0.9232
  612      4.7031      7.7463     31.2628      0.1041      14      0.9096
  613      4.8414      8.1612     22.4701      0.2242      10      0.9112
  614      4.8414      8.8529     23.3075      0.3941      10      0.9232
  615      4.4264     11.7577     19.3997      0.2104      12      0.8985
  616      4.7031     11.7577     19.1205      0.4645      12      0.9134
  617      4.7031     11.8960     19.3997      0.3436      12      0.9299
  618      4.7031     12.3110     27.9132      0.2653      16      0.9378
  619      4.7031     12.4493     23.0284      0.3019      84      0.5536
  620      4.4264     13.1410     19.3997      0.2110      12      0.8985
  621      4.7031     13.1410     19.1205      0.4610      12      0.9134
  622      4.7031     15.9075     23.3075      0.2221      18      0.9232
  623      4.7031     16.3225     23.7262      0.4625      18      0.9187
  624      4.5648     16.3225     18.8414      0.8150      90      0.5018
  625      4.8414     16.4608     22.4701      0.2263      18      0.9112
  626      4.8414     17.1524     23.3075      0.4096      18      0.9233
  627      4.7031     20.3339     18.2831      0.1893      20      0.9249
  628      4.4264     20.0573     19.3997      0.2095      20      0.8985
  629      4.7031     20.0573     19.1205      0.4639      20      0.9134
  630      4.7031     20.1956     19.3997      0.3416      20      0.9299
  631      4.5648     20.7489     26.6571      0.1723      24      0.9096
  632      4.7031     20.7489     23.0284      0.3067      92      0.5536
  633      4.2881     20.8872     18.0040      0.0833      20      0.9144
  634      4.8414     21.3022     19.1205      0.3847      20      0.9135
  635      4.7031     24.2071     23.3075      0.4132       2      0.9232
  636      4.7031     24.3454     23.5867      0.0806       2      0.9505
  637      4.7031     24.2071     30.9837      0.1596       6      0.9311
  638      4.8414     24.7604     30.5650      0.2095       6      0.9242
  639      4.7031      0.6916     30.9837      0.2713       6      0.9242
  640      4.7031      3.4582     18.7018      0.1225       4      0.9070
  641      4.7031      4.1498     18.1436      0.2364       4      0.9350
  642      4.8414      4.1498     19.5392      0.2024       4      0.9437
  643      4.7031      4.8414     18.7018      0.2042       4      0.9070
  644      4.5648      8.2996     27.6341      0.1619      86      0.5172
  645      4.7031     11.7577     18.7018      0.1220      12      0.9070
  646      4.7031     12.4493     18.1436      0.2367      12      0.9350
  647      4.8414     12.4493     19.5392      0.2021      12      0.9437
  648      4.7031     13.1410     18.7018      0.1243      12      0.9070
  649      4.7031     15.9075     30.9837      0.1184      22      0.9330
  650      4.8414     16.7374     22.4701      0.2746      18      0.9112
  651      4.8414     20.1956     18.7018      0.1218      20      0.9070
  652      4.7031     20.7489     18.1436      0.2376      20      0.9350
  653      4.8414     20.7489     19.5392      0.2028      20      0.9437
  654      4.7031     21.4405     18.7018      0.2025      20      0.9071
  655      4.8414      3.8731     19.3997      0.3563       4      0.8985
  656      4.8414      4.4264     19.3997      0.2103       4      0.8985
  657      4.8414     12.1727     19.3997      0.3576      12      0.8985
  658      4.8414     12.7260     19.3997      0.2111      12      0.8985
  659      4.8414     16.0458     23.3075      0.1907      18      0.9232
  660      4.8414     20.4722     19.3997      0.2896      20      0.8985
  661      4.8414     21.0256     19.3997      0.2766      20      0.8985
  662      7.7463     16.5991     31.5419      0.4106     119      0.5442
  663      8.0229      4.4264     31.8210      0.6302      31      0.9055
  664      8.1612      8.7145     31.6815      0.6501     111      0.5106
  665      7.7463      0.0000     18.1436      0.2380      25      0.9350
  666      7.7463      8.2996     18.1436      0.2387      33      0.9350
  667      7.7463     12.1727     31.9606      0.3125      39      0.9087
  668      7.7463     24.4837     18.2831      0.6912      25      0.9249
  669      7.8846      0.5533     18.2831      0.6213      25      0.9249
  670      7.7463     11.8960     31.8210      0.4760      39      0.9342
  671      7.7463     12.7260     31.9606      0.6091      39      0.9150
  672      8.1612      0.4150     31.8210      2.1668     103      0.4963
  673      7.7463      4.0115     31.8210      0.3354      31      0.9263
  674      8.2996      4.5648     31.8210      0.2736      31      0.9396
  675      7.7463     16.5991     18.1436      0.2378      41      0.9350
  676      7.7463     16.1841     18.2831      0.6905      41      0.9249
  677      8.5762     14.6626     36.5663      0.3891     145      1.1663
  678      8.2996     24.3454     31.8210      3.0996     103      0.5188
  679      7.7463      7.8846     18.2831      0.6886      33      0.9249
  680      7.7463      8.7145     18.2831      0.6220      33      0.9249
  681      7.8846      8.5762     31.6815      0.2649     111      0.5011
  682      8.0229     13.0026     31.9606      0.6571      39      0.9311
  683      7.7463     17.0141     18.2831      0.6205      41      0.9249
  684      7.7463     20.3339     31.6815      0.4596      47      0.9215
  685      8.2996      4.2881     31.9606      0.2137      31      0.9304
  686      7.7463      8.9912     19.1205      0.4596      33      0.9134
  687      7.6079     24.3454     18.7018      0.2019      25      0.9070
  688      7.6079     24.3454     19.1205      0.3831      25      0.9134
  689      7.7463      0.6916     19.1205      0.4623      25      0.9135
  690      7.7463      3.5965     31.6815      0.6787      31      0.9068
  691     11.4811      6.5013     36.1476      1.1593     146      1.1581
  692      8.5762      4.4264     31.8210      0.9329      31      0.9040
  693      8.7145     11.8960     31.8210      1.3719      39      0.9071
  694      8.0229     11.8960     31.9606      0.1771      39      0.9187
  695      7.3313     12.4493     31.4023      0.3273      39      0.9363
  696      7.6079     16.0458     18.7018      0.2016      41      0.9070
  697      7.6079     17.1524     19.1205      0.4641      41      0.9134
  698      7.6079      0.5533     18.7018      0.1215      25      0.9070
  699      7.7463      7.6079     19.1205      0.3818      33      0.9134
  700      7.6079     16.0458     19.1205      0.3848      41      0.9134
  701      7.6079     17.1524     18.7018      0.1231      41      0.9070
  702      8.0229      4.0115     31.9606      0.2491      31      0.9237
  703      7.7463      3.4582     30.5650      1.0757      31      0.9240
  704      7.6079      3.4582     30.8441      0.2103      31      0.9038
  705      7.6079      3.7348     30.5650      0.1260      31      0.9005
  706      7.6079      4.4264     30.7045      0.7765      31      0.9036
  707      7.7463      4.7031     27.0758      4.2770     101      0.5045
  708      7.7463      4.4264     23.7262      0.6669      27      0.9187
  709      8.0229      3.5965     23.7262      0.8676      27      0.9187
  710      7.6079      7.7463     18.7018      0.2016      33      0.9070
  711      7.7463     11.8960     30.7045      0.6454      39      0.9275
  712      7.8846     13.0026     26.9362      4.1591     109      0.4948
  713      7.7463     12.7260     30.5650      0.4188      39      0.9064
  714      7.7463     13.1410     23.3075      1.0178      35      0.9232
  715      7.6079     12.4493     30.5650      0.1859      39      0.9484
  716      7.8846     20.0573     30.7045      1.7055      47      0.9067
  717      7.7463     21.3022     30.5650      1.5063      47      0.9426
  718      7.7463     21.1639     26.9362      1.8945     117      0.5034
  719      7.7463     21.3022     27.2154      1.2261     117      0.5085
  720      7.8846     21.1639     31.8210      0.4727      47      0.9381
  721      7.6079      0.2767     19.3997      0.3560      25      0.8985
  722      8.0229      0.6916     27.9132      1.5217      29      0.9217
  723      7.7463      3.5965     22.6097      1.0811      27      0.8964
  724      8.4379      4.0115     27.0758      1.9415     101      0.5056
  725      7.6079      3.5965     23.3075      0.4133      27      0.9232
  726      7.6079      4.0115     22.4701      0.2809      27      0.9112
  727      7.8846      3.8731     18.8414      1.0703      97      0.5018
  728      7.7463      4.5648     22.4701      1.0181      27      0.9006
  729      7.7463      4.8414     23.3075      0.4134      27      0.9232
  730      7.6079      4.2881     22.4701      0.2369      27      0.9112
  731      7.8846      4.7031     30.7045      0.9775      31      0.9105
  732      7.8846      8.0229     23.1680      1.5876     107      0.5132
  733      7.7463      7.7463     19.3997      1.1159      33      0.9299
  734      7.6079      8.5762     19.3997      0.3555      33      0.8985
  735      7.6079      8.8529     18.7018      0.1234      33      0.9070
  736      7.8846      9.1295     27.6341      0.2563      37      0.9116
  737      8.0229      9.1295     27.9132      0.7813      37      0.9351
  738      7.8846      8.5762     23.1680      1.2778     107      0.5132
  739      7.7463     11.8960     22.6097      1.4533      35      0.8964
  740      8.0229     11.7577     30.7045      0.5259      39      0.9077
  741      7.6079     11.7577     31.2628      0.1234      39      0.9404
  742      7.6079     11.8960     23.3075      0.4126      35      0.9232
  743      8.0229     11.8960     23.7262      0.7473      35      0.9187
  744      7.7463     13.0026     22.6097      1.0223      35      0.8964
  745      7.6079     12.5877     22.4701      0.1267      35      0.9112
  746      7.6079     13.0026     30.9837      0.1930      39      0.9015
  747      7.7463     13.0026     30.7045      0.5341      39      0.9398
  748      7.6079     16.3225     19.3997      0.2777      41      0.8985
  749      8.4379     13.1410     31.8210      0.6155      39      0.9185
  750      7.6079     16.8758     19.3997      0.2892      41      0.8985
  751      7.7463     20.1956     22.6097      1.3535      43      0.8964
  752      7.6079     20.1956     23.3075      0.3881      43      0.9232
  753      8.0229     20.1956     23.7262      0.8603      43      0.9187
  754      7.7463     20.7489     31.8210      0.4838      47      0.9237
  755      8.0229     21.3022     23.7262      0.7901      43      0.9187
  756      7.8846     21.3022     22.4701      1.0246      43      0.9007
  757      7.6079     21.3022     23.3075      0.4120      43      0.9232
  758      7.7463     21.4405     30.8441      0.4282      47      0.9181
  759      7.6079     20.8872     22.4701      0.2250      43      0.9112
  760      8.0229     24.4837     23.1680      1.5964      99      0.5131
  761      7.7463     24.3454     19.3997      1.1238      25      0.9299
  762      7.6079      0.0000     19.5392      0.2032      25      0.9436
  763      7.7463      0.0000     23.0284      0.3073      99      0.5536
  764      8.0229     24.4837     26.7967      1.3871      29      0.9091
  765      7.8846     24.4837     27.6341      1.8146      29      0.9087
  766      8.4379      0.1383     18.0040      0.5315      25      0.9144
  767      7.8846      0.2767     23.1680      1.0765      99      0.5132
  768      7.8846      0.6916     26.7967      1.1951      29      0.9400
  769      7.7463      0.5533     19.3997      0.3420      25      0.9299
  770      7.8846      0.4150     26.6571      0.2497      29      0.9153
  771      7.8846      0.8300     27.0758      0.2574      29      0.9160
  772      8.2996      3.3198     30.4254      0.2192      31      0.9347
  773      8.0229      0.6916     19.3997      0.2096      25      0.8985
  774      8.2996      3.5965     18.8414      0.4754      97      0.5561
  775      7.8846      4.4264     18.8414      1.9845      97      0.5019
  776      7.7463      4.7031     23.5867      0.0805      27      0.9505
  777      8.1612      4.8414     22.4701      0.2242      27      0.9112
  778      7.8846      7.8846     27.2154      0.1246      37      0.9050
  779      7.8846      7.8846     27.6341      1.0572      37      0.9075
  780      8.0229      7.8846     27.9132      0.4504      37      0.9311
  781      7.7463      8.2996     23.0284      0.3163     107      0.5536
  782      7.6079      8.2996     19.5392      0.2037      33      0.9436
  783      8.0229      8.9912     26.7967      1.0648      37      0.9296
  784      7.8846      8.7145     28.0528      0.2320      37      0.9161
  785      7.8846      8.2996     28.0528      0.1810      37      0.9148
  786      7.7463      8.8529     19.3997      0.3466      33      0.9299
  787      7.8846      9.1295     27.2154      0.3263      37      0.9091
  788      8.1612      8.2996     31.1232      0.5398     111      0.5123
  789      8.1612      8.5762     31.2628      0.2314     111      0.5174
  790      8.2996      9.1295     28.0528      0.4445      37      0.9152
  791      8.0229      8.9912     19.3997      0.2105      33      0.8985
  792      8.4379     12.3110     27.3549      2.2450     109      0.4906
  793      7.8846     12.1727     18.8414      1.1492     105      0.5018
  794      8.0229     12.8643     18.8414      1.9756     105      0.5019
  795      8.2996     12.4493     24.0054      0.1883      35      0.9583
  796      8.0229     15.9075     19.3997      0.2102      41      0.8985
  797      8.1612     13.1410     22.4701      0.1257      35      0.9112
  798      7.7463     16.0458     19.3997      0.5824      41      0.9299
  799      7.8846     16.3225     23.1680      1.6001     115      0.5132
  800      7.6079     16.5991     19.5392      0.2026      41      0.9436
  801      7.7463     16.5991     23.0284      0.3078     115      0.5536
  802      8.4379     16.7374     18.0040      0.5301      41      0.9144
  803      7.8846     16.1841     26.9362      0.7482      45      0.9237
  804      7.8846     16.1841     27.6341      1.6499      45      0.9149
  805      7.8846     16.8758     23.1680      1.0810     115      0.5132
  806      8.0229     17.1524     26.6571      1.6231      45      0.8957
  807      8.0229     17.4291     27.6341      1.2430      45      0.8951
  808      7.7463     17.1524     19.3997      0.4616      41      0.9299
  809      7.8846     17.0141     27.9132      0.2097      45      0.9153
  810      8.0229     17.2907     27.9132      0.4415      45      0.9493
  811      8.2996     17.1524     31.6815      0.8053     119      0.5313
  812      8.0229     17.2907     19.3997      0.2102      41      0.8985
  813      8.4379     20.6106     27.0758      1.6666     117      0.4898
  814      7.8846     20.4722     18.8414      1.0709     113      0.5018
  815      8.2996     20.1956     18.8414      0.9489     113      0.5561
  816      7.8846     20.7489     26.7967      0.1076     117      0.5046
  817      7.8846     20.7489     27.6341      0.0915     117      0.5065
  818      8.0229     21.1639     18.8414      1.9818     113      0.5019
  819      7.6079     21.3022     31.2628      0.1101      47      0.9046
  820      8.1612     21.4405     22.4701      0.2297      43      0.9112
  821      7.8846     24.3454     27.3549      0.1264      29      0.9502
  822      8.1612     24.7604     18.0040      0.0848      25      0.9144
  823      8.4379      3.4582     31.8210      0.3463      31      0.9199
  824      8.1612      3.4582     22.4701      0.2076      27      0.9112
  825      8.8529      4.1498     18.8414      0.9392      97      0.5561
  826      8.0229      7.8846     26.9362      0.3390      37      0.9254
  827      7.8846      8.2996     26.7967      0.1575      37      0.9073
  828      8.4379      8.4379     18.0040      0.5476      33      0.9144
  829      7.8846      8.7145     26.7967      0.3118      37      0.9087
  830      8.1612     11.7577     22.4701      0.1226      35      0.9112
  831      8.2996     11.8960     18.8414      0.3959     105      0.5561
  832      8.7145     12.1727     18.8414      0.9552     105      0.5019
  833      8.0229     13.0026     23.7262      0.1809      35      0.9187
  834      7.8846     16.0458     27.3549      0.2349      45      0.9512
  835      7.8846     16.5991     26.6571      0.0949      45      0.9096
  836      8.1612     16.4608     18.0040      0.0834      41      0.9144
  837      8.8529     20.1956     22.6097      1.7231      43      0.8964
  838      8.2996     20.7489     26.7967      0.4482     117      0.4996
  839      8.2996     20.7489     27.6341      0.4084     117      0.5015
  840      8.0229     21.4405     27.2154      0.8196     117      0.5110
  841      8.2996      0.0000     23.5867      0.1956      99      0.5396
  842      8.2996      3.0432     30.9837      0.1920      31      0.9483
  843      8.2996      4.1498     26.7967      0.4305     101      0.5006
  844      8.8529      4.7031     22.6097      1.7290      27      0.8964
  845      8.1612      8.1612     18.0040      0.0674      33      0.9144
  846      8.0229     13.0026     30.5650      0.4809      39      0.9226
  847      8.8529     13.0026     22.6097      1.4636      35      0.8964
  848      8.2996     16.5991     23.5867      0.2002     115      0.5396
  849      8.1612     21.3022     31.8210      0.2913      47      0.9231
  850      8.4379     21.4405     22.4701      0.2810      43      0.9112
  851      8.5762      0.4150     23.0284      1.4366      99      0.4991
  852      8.5762      0.6916     19.3997      0.3613      25      0.8985
  853      8.8529      3.5965     22.6097      1.5619      27      0.8964
  854      8.1612      3.4582     31.8210      0.1062      31      0.9206
  855      8.2996      4.1498     24.0054      0.1803      27      0.9583
  856      8.2996      7.8846     28.0528      0.1879      37      0.9111
  857      8.5762      8.9912     19.3997      0.3628      33      0.8985
  858      8.8529     11.8960     22.6097      1.8935      35      0.8964
  859      8.7145     16.8758     23.1680      1.4309     115      0.5132
  860      8.5762     17.2907     19.3997      0.3598      41      0.8985
  861      8.4379     20.1956     31.8210      0.2347      47      0.9320
  862      8.2996     20.7489     24.0054      0.1783      43      0.9583
  863      8.0229     20.8872     31.9606      0.3272      47      0.9260
  864      8.2996      7.8846     26.7967      0.1733      37      0.9036
  865      8.2996      8.2996     23.5867      0.2051     107      0.5396
  866      8.8529     20.3339     31.6815      0.6916      47      0.9084
  867     11.6194      6.2247     36.2872      1.0939     146      1.1881
  868      8.1612     20.0573     22.4701      0.2127      43      0.9112
  869      8.2996      0.6916     19.5392      0.2027      25      0.9437
  870      8.2996      0.5533     23.0284      0.3125      99      0.5537
  871      8.7145      3.8731     18.8414      1.0376      97      0.5019
  872      8.5762      7.6079     19.3997      0.3557      33      0.8985
  873      8.2996      7.6079     19.5392      0.2031      33      0.9436
  874      8.2996      7.7463     23.0284      0.3141     107      0.5536
  875      9.1295      8.0229     27.9132      1.6460      37      0.9256
  876      8.2996      8.9912     19.5392      0.2021      33      0.9437
  877      8.2996      8.8529     23.0284      0.3089     107      0.5536
  878      8.5762     12.0344     18.8414      0.5627     105      0.5018
  879      8.5762     15.9075     19.3997      0.3573      41      0.8985
  880      8.2996     15.9075     19.5392      0.2020      41      0.9436
  881      8.2996     16.0458     23.0284      0.3038     115      0.5536
  882      8.4379     16.1841     31.6815      0.6737     119      0.4949
  883      8.7145     16.8758     31.6815      2.0530     119      0.5049
  884      8.2996     17.2907     19.5392      0.2022      41      0.9437
  885      8.2996     17.1524     23.0284      0.3049     115      0.5536
  886      8.5762     20.3339     18.8414      1.0312     113      0.5018
  887      8.2996     24.3454     18.1436      0.2382      25      0.9350
  888      8.5762     24.2071     19.3997      0.3559      25      0.8985
  889      8.2996     24.2071     19.5392      0.2037      25      0.9436
  890      8.2996     24.3454     23.0284      0.3097      99      0.5536
  891      8.5762      8.7145     23.0284      0.5865     107      0.4991
  892      8.2996      8.8529     18.1436      0.2387      33      0.9350
  893      8.2996     11.4811     31.2628      0.1267      39      0.9589
  894      8.2996     16.0458     18.1436      0.2371      41      0.9350
  895      8.2996     17.1524     18.1436      0.2369      41      0.9350
  896      8.5762     20.6106     31.9606      0.2530      47      0.9226
  897      8.2996      0.5533     18.1436      0.2397      25      0.9350
  898      8.2996      7.7463     18.1436      0.2372      33      0.9350
  899      8.5762      4.5648     18.8414      1.0772      97      0.5019
  900      8.4379     12.3110     26.9362      0.2534     109      0.5064
  901      8.5762     12.8643     18.8414      1.1777     105      0.5019
  902      8.5762     21.1639     18.8414      1.0776     113      0.5019
  903     12.4493      8.7145     38.1015      0.9463     147      1.2495
  904      8.7145     11.8960     30.7045      0.7949      39      0.9002
  905      8.9912     16.3225     26.6571      1.5297      45      0.9111
  906      9.1295     16.3225     27.7736      1.6733      45      0.8946
  907      8.8529     21.3022     22.6097      1.2869      43      0.8964
  908      8.4379      0.4150     31.8210      1.3400     103      0.5108
  909      8.8529      3.5965     31.6815      0.6900      31      0.9038
  910     11.2044     10.0978     38.9389      0.8015     147      1.2253
  911      8.8529      8.7145     18.2831      0.5612      33      0.9249
  912      8.5762     11.8960     23.7262      0.2803      35      0.9187
  913      8.2996      0.0000     18.8414      0.1744      25      0.0559
  914      8.2996      4.0115     31.1232      0.1783      31      0.0496
  915      8.2996      4.1498     23.0284      0.1822      27      0.0186
  916     12.4493      7.7463     36.9850      0.6553     146      1.2642
  917      9.6828     10.3744     38.9389      0.7936     148      1.2590
  918      8.9912      8.0229     26.7967      1.3896      37      0.9213
  919      8.2996      8.2996     18.8414      0.1753      33      0.0559
  920      8.2996     12.4493     23.0284      0.1822      35      0.0186
  921      8.2996     12.4493     31.2628      0.1782      39      0.0449
  922      8.2996     13.5559     36.1476      0.0642     145      0.0990
  923      8.2996     16.5991     18.8414      0.1743      41      0.0559
  924      8.2996     20.7489     23.0284      0.1822      43      0.0186
  925      8.2996     20.7489     31.1232      0.1802      47      0.0367
  926      8.7145     24.4837     26.6571      0.3246      29      0.9073
  927     12.3110      8.9912     39.9159      2.1384     147      1.1654
  928      8.5762     10.9278     38.9389      0.0633     148      0.0865
  929      8.5762     21.3022     23.7262      0.8238      43      0.9187
  930      8.8529     24.4837     18.2831      0.6227      25      0.9249
  931      8.8529      0.4150     18.2831      0.5615      25      0.9250
  932      8.4379      0.1383     27.3549      0.1778      29      0.0821
  933      8.8529      4.4264     23.7262      0.8131      27      0.9187
  934      8.5762      8.4379     27.3549      0.1700      37      0.1124
  935      8.7145     13.0026     31.8210      0.4571      39      0.9196
  936      8.8529     12.7260     23.7262      0.7473      35      0.9187
  937      8.8529     16.1841     18.2831      0.6256      41      0.9249
  938      8.5762     16.7374     27.3549      0.1806      45      0.0899
  939      8.7145      7.7463     18.2831      0.6227      33      0.9249
  940      9.2678     14.2476     36.2872      0.9219     145      1.1951
  941      8.8529      0.0000     23.0284      0.3059      99      0.5536
  942      8.5762     24.4837     23.1680      1.0792      99      0.5132
  943      8.8529      0.5533     19.3997      0.3431      25      0.9299
  944      8.9912      0.5533     19.1205      0.4583      25      0.9135
  945      8.8529      3.8731     31.8210      0.3647      31      0.9300
  946      8.8529      3.4582     30.5650      0.9602      31      0.9211
  947      8.8529      3.8731     23.7262      0.6241      27      0.9187
  948      8.8529      3.4582     23.3075      0.3520      27      0.9232
  949      8.7145      4.7031     30.7045      0.7263      31      0.9083
  950      8.8529      4.8414     23.3075      0.4069      27      0.9232
  951      8.9912      7.7463     19.1205      0.4590      33      0.9134
  952      8.8529      7.7463     19.3997      0.3464      33      0.9299
  953      8.5762      7.8846     23.1680      1.2780     107      0.5132
  954      8.5762      8.2996     31.2628      0.1610     111      0.5131
  955      8.8529      8.2996     23.0284      0.3089     107      0.5536
  956      8.8529      8.8529     19.3997      0.3463      33      0.9299
  957      8.7145      8.5762     23.0284      0.4558     107      0.4991
  958      8.5762      8.5762     31.6815      0.1999     111      0.5116
  959      8.9912      8.8529     19.1205      0.4575      33      0.9134
  960      8.9912     11.8960     23.3075      0.4069      35      0.9232
  961      8.8529     11.7577     31.4023      0.2785      39      0.9172
  962      8.8529     12.1727     23.7262      0.4259      35      0.9187
  963      8.9912     12.5877     30.7045      0.3735      39      0.9315
  964      8.8529     12.3110     31.9606      0.2315      39      0.9313
  965      8.8529     12.4493     18.8414      0.3688     105      0.5561
  966      8.8529     12.8643     30.7045      0.9656      39      0.9178
  967      8.4379     13.0026     30.5650      0.1277      39      0.9110
  968      8.8529     13.1410     31.1232      0.0851      39      0.9310
  969      8.8529     13.1410     23.3075      0.4135      35      0.9233
  970      9.4062     13.9709     36.1476      1.0037     145      1.1988
  971      8.8529     16.0458     19.3997      0.3437      41      0.9299
  972      8.9912     16.0458     19.1205      0.4636      41      0.9134
  973      8.5762     16.1841     23.1680      1.0848     115      0.5132
  974      8.8529     16.5991     23.0284      0.3066     115      0.5536
  975      8.8529     17.1524     19.3997      0.3447      41      0.9299
  976      8.8529     17.0141     18.2831      0.5599      41      0.9249
  977      8.9912     17.1524     19.1205      0.4607      41      0.9135
  978      8.8529     20.1956     30.5650      0.5390      47      0.9419
  979      8.5762     20.1956     23.7262      0.6248      43      0.9187
  980      8.9912     20.1956     23.3075      0.3517      43      0.9232
  981      8.9912     20.1956     30.8441      0.4644      47      0.9173
  982      8.9912     21.0256     30.5650      0.4264      47      0.8999
  983      8.8529     20.7489     18.8414      0.4730     113      0.5561
  984      8.8529     21.3022     30.5650      0.2514      47      0.9299
  985      8.5762     20.8872     31.9606      0.1198      47      0.9196
  986      8.4379     21.3022     31.8210      0.1298      47      0.9198
  987      8.5762     21.4405     30.5650      0.1741      47      0.9002
  988      8.7145     21.1639     31.8210      0.4940      47      0.9285
  989      8.8529     21.4405     23.3075      0.3970      43      0.9233
  990      8.9912     21.3022     30.8441      0.5870      47      0.9049
  991      8.8529     24.3454     19.3997      0.3418      25      0.9299
  992      8.9912     24.3454     19.1205      0.4635      25      0.9134
  993      8.8529      0.0000     18.1436      0.2400      25      0.9350
  994      8.9912      0.0000     19.5392      0.2028      25      0.9437
  995      8.9912     24.6220     27.9132      1.5570      29      0.9124
  996      8.9912      0.8300     26.9362      1.1485      29      0.9013
  997      8.9912      0.6916     27.9132      0.4006      29      0.9419
  998      8.9912      0.5533     18.7018      0.1225      25      0.9071
  999      8.9912      4.4264     30.7045      0.9140      31      0.8999
 1000      8.8529      7.6079     18.7018      0.1233      33      0.9070
 1001      8.8529      8.2996     18.1436      0.2385      33      0.9350
 1002      8.9912      8.2996     19.5392      0.2035      33      0.9437
 1003      8.8529      8.9912     18.7018      0.1229      33      0.9070
 1004      9.1295      8.9912     26.9362      1.3345      37      0.9230
 1005      8.8529     11.7577     31.1232      0.0628      39      0.9155
 1006      8.9912     12.5877     22.4701      0.1227      35      0.9112
 1007      8.9912     16.0458     18.7018      0.1220      41      0.9070
 1008      8.8529     16.5991     18.1436      0.2398      41      0.9350
 1009      8.9912     16.5991     19.5392      0.2021      41      0.9437
 1010      8.9912     17.1524     18.7018      0.1224      41      0.9070
 1011      8.8529     17.2907     26.6571      0.1162      45      0.8992
 1012      8.9912     20.4722     30.5650      0.5087      47      0.9062
 1013      8.8529     20.6106     31.8210      0.4289      47      0.9226
 1014      8.9912     24.3454     18.7018      0.1220      25      0.9070
 1015      8.9912     24.4837     26.7967      1.1602      29      0.9296
 1016      8.9912      0.2767     19.3997      0.3603      25      0.8985
 1017      8.7145      0.8300     27.9132      0.0670      29      0.9198
 1018      8.9912      3.7348     30.5650      0.1569      31      0.8967
 1019      8.9912      8.0229     19.3997      0.2105      33      0.8985
 1020      8.9912      8.5762     19.3997      0.3624      33      0.8985
 1021      9.1295      8.9912     27.9132      0.3659      37      0.9287
 1022      8.7145      9.1295     28.0528      0.0804      37      0.9130
 1023      8.9912     16.3225     19.3997      0.2104      41      0.8985
 1024      8.9912     16.8758     19.3997      0.3600      41      0.8985
 1025      9.1295     17.2907     27.7736      0.2570      45      0.9446
 1026      9.1295     17.4291     27.2154      1.1767      45      0.9153
 1027      8.9912     24.6220     19.3997      0.2097      25      0.8985
 1028      9.1295      0.4150     27.9132      0.1172      29      0.9158
 1029      9.1295      8.7145     28.0528      0.1046      37      0.9093
 1030      9.1295      9.1295     27.6341      0.2361      37      0.9048
 1031      9.1295     17.0141     26.6571      0.1367      45      0.9255
 1032      9.1295     17.0141     27.9132      0.1281      45      0.9096
 1033     11.8960      4.1498     18.1436      0.2398      28      0.9350
 1034     11.8960     21.1639     18.2831      0.6201      44      0.9249
 1035     11.8960     12.4493     18.1436      0.2390      36      0.9350
 1036     12.0344     13.0026     18.2831      0.6219      36      0.9249
 1037     11.8960     20.7489     18.1436      0.2402      44      0.9350
 1038     11.8960     20.3339     18.2831      0.5600      44      0.9249
 1039     11.7577     21.3022     19.1205      0.4638      44      0.9134
 1040     12.3110      3.5965     31.6815      1.9341     104      0.5075
 1041     11.8960      3.7348     18.2831      0.5595      28      0.9249
 1042     11.8960      4.5648     18.2831      0.6231      28      0.9249
 1043     12.7260      7.4696     35.0311      1.9986     146      1.1706
 1044     12.4493      4.5648     31.6815      1.0560     104      0.5298
 1045     11.8960     12.0344     18.2831      0.5599      36      0.9249
 1046     12.1727     21.1639     31.8210      1.0678     120      0.5128
 1047     12.0344      4.2881     31.6815      0.6081     104      0.5081
 1048     12.1727      7.6079     31.8210      0.9705      38      0.9252
 1049     11.8960      8.2996     31.9606      0.4577      38      0.9384
 1050     12.8643     10.5128     38.3806      2.2651     147      1.1703
 1051     11.7577     13.0026     19.1205      0.4593      36      0.9134
 1052     12.3110     20.3339     31.8210      1.7237     120      0.4775
 1053     11.7577      3.5965     19.1205      0.4608      28      0.9134
 1054     11.6194      3.3198     27.0758      0.5494      32      0.9143
 1055     11.6194      3.4582     26.7967      0.3815      32      0.9353
 1056     11.7577      4.7031     19.1205      0.4641      28      0.9134
 1057     11.6194     11.6194     27.0758      1.3342      40      0.9288
 1058     11.6194     11.6194     27.7736      0.7910      40      0.9299
 1059     11.7577     11.8960     19.1205      0.4553      36      0.9134
 1060     12.4493     21.3022     31.6815      0.8526     120      0.5367
 1061     11.7577     21.3022     18.7018      0.1217      44      0.9070
 1062     11.6194      3.3198     27.4945      0.2429      32      0.9121
 1063     11.6194      3.4582     27.7736      0.3920      32      0.9302
 1064     11.6194      3.7348     27.9132      0.1437      32      0.9039
 1065     11.6194      4.4264     27.7736      1.5818      32      0.9086
 1066     11.6194      4.4264     26.7967      1.4640      32      0.9138
 1067     12.1727      8.8529     31.8210      0.6079      38      0.8953
 1068     11.8960     11.7577     18.7018      0.1229      36      0.9070
 1069     11.6194     12.4493     28.0528      0.4336      40      0.9142
 1070     11.6194     12.7260     27.9132      1.1600      40      0.9406
 1071     11.8960     13.1410     18.7018      0.1234      36      0.9070
 1072     11.7577     20.1956     19.1205      0.4585      44      0.9134
 1073     11.6194     19.9189     27.0758      0.5598      48      0.9214
 1074     11.6194     19.9189     27.4945      0.1018      48      0.9121
 1075     11.7577     19.9189     27.7736      0.3733      48      0.9263
 1076     11.7577     20.1956     18.7018      0.1222      44      0.9070
 1077     11.7577     19.9189     26.7967      0.5856      48      0.9475
 1078     11.7577     21.0256     27.9132      1.3818      48      0.9228
 1079     11.7577     21.1639     26.7967      0.8750      48      0.9454
 1080     11.6194     20.3339     27.9132      0.1045      48      0.9054
 1081     12.1727     24.4837     18.8414      1.0605      98      0.5018
 1082     11.7577      0.0000     30.4254      0.1049      30      0.9450
 1083     11.7577      0.4150     30.7045      1.4974      30      0.9015
 1084     11.7577      0.5533     31.2628      0.0716      30      0.9194
 1085     11.6194      3.7348     26.6571      0.1622      32      0.9106
 1086     11.8960      7.8846     30.7045      1.1512      38      0.8869
 1087     11.6194     12.0344     28.0528      0.0667      40      0.9027
 1088     11.6194     12.4493     26.7967      0.1896      40      0.9120
 1089     11.6194     12.8643     27.2154      0.3101      40      0.9207
 1090     11.6194     12.8643     27.6341      0.1666      40      0.9214
 1091     11.8960     16.1841     30.5650      0.5896      46      0.9267
 1092     11.7577     17.0141     30.5650      0.5307      46      0.9043
 1093     11.8960     17.2907     30.5650      0.2880      46      0.9411
 1094     11.7577     17.2907     30.8441      0.3568      46      0.9161
 1095     11.6194     21.1639     27.0758      0.2285      48      0.9192
 1096     11.6194     21.1639     27.4945      0.2541      48      0.9099
 1097     11.7577     24.3454     30.7045      1.1395      30      0.9259
 1098     11.8960      0.5533     22.6097      1.7195      26      0.8964
 1099     12.1727     24.3454     23.7262      0.8220      26      0.9186
 1100     11.7577      0.5533     23.3075      0.3498      26      0.9232
 1101     12.1727      0.5533     23.7262      0.6244      26      0.9187
 1102     11.8960      0.4150     31.6815      0.3597      30      0.9244
 1103     11.7577      3.8731     19.3997      0.3601      28      0.8985
 1104     11.7577      3.5965     18.7018      0.1224      28      0.9070
 1105     12.1727      4.5648     23.1680      1.0841     100      0.5132
 1106     11.7577      4.4264     19.3997      0.2104      28      0.8985
 1107     11.7577      4.7031     18.7018      0.1220      28      0.9070
 1108     13.0026      7.7463     27.0758      2.5344     110      0.5115
 1109     12.7260      7.7463     26.7967      1.3747     110      0.5099
 1110     11.8960      7.7463     22.6097      1.4648      34      0.8964
 1111     11.8960      7.6079     23.3075      0.4131      34      0.9232
 1112     11.8960      8.0229     23.7262      0.7465      34      0.9187
 1113     12.3110      8.4379     27.3549      2.1510     110      0.5124
 1114     11.7577      8.1612     22.4701      0.1218      34      0.9112
 1115     11.8960      8.8529     22.6097      1.8948      34      0.8964
 1116     11.8960      8.5762     31.8210      0.2981      38      0.8957
 1117     11.7577      8.8529     23.3075      0.3931      34      0.9232
 1118     11.8960      8.5762     23.7262      0.2809      34      0.9187
 1119     12.0344      8.8529     30.7045      0.5905      38      0.9299
 1120     12.1727      8.7145     18.8414      1.5051     106      0.5019
 1121     12.4493     12.8643     31.9606      6.0663     112      0.5082
 1122     11.7577     12.1727     19.3997      0.3624      36      0.8985
 1123     11.7577     12.7260     19.3997      0.2101      36      0.8985
 1124     11.7577     12.7260     26.7967      0.6726      40      0.9404
 1125     12.1727     12.8643     23.1680      1.2792     108      0.5132
 1126     11.8960     16.0458     22.6097      1.7336      42      0.8964
 1127     12.3110     16.5991     26.9362      1.0424     118      0.4968
 1128     13.0026     16.0458     27.0758      4.5012     118      0.4926
 1129     11.8960     16.0458     30.8441      0.5347      46      0.9016
 1130     11.8960     15.9075     23.3075      0.4086      42      0.9232
 1131     11.8960     16.3225     23.7262      0.8091      42      0.9187
 1132     11.7577     16.7374     30.4254      0.1238      46      0.9489
 1133     11.8960     17.1524     22.6097      1.5608      42      0.8964
 1134     13.1410     17.1524     30.7045      1.8962      46      0.9101
 1135     11.7577     17.1524     23.3075      0.3509      42      0.9232
 1136     11.8960     16.8758     23.7262      0.3987      42      0.9187
 1137     11.8960     17.1524     31.6815      0.8055      46      0.9077
 1138     12.3110     16.7374     27.2154      0.6207     118      0.5047
 1139     12.0344     19.9189     27.9132      0.1715      48      0.8992
 1140     11.7577     20.4722     19.3997      0.3618      44      0.8985
 1141     12.1727     21.1639     23.1680      1.0800     116      0.5132
 1142     11.7577     21.0256     19.3997      0.2095      44      0.8985
 1143     11.8960     24.3454     22.6097      1.2894      26      0.8964
 1144     11.8960     24.2071     23.3075      0.3975      26      0.9232
 1145     11.8960      0.1383     31.8210      0.7225      30      0.9282
 1146     11.8960      0.0000     18.8414      0.4856      98      0.5561
 1147     12.1727      0.4150     18.8414      1.0272      98      0.5019
 1148     12.4493      0.0000     26.7967      0.3601     102      0.5049
 1149     12.3110      0.1383     27.0758      1.7007     102      0.5024
 1150     13.1410     24.6220     30.5650      0.5773      30      0.9096
 1151     12.4493      0.0000     27.6341      0.3131     102      0.5118
 1152     12.4493      0.5533     18.8414      0.9368      98      0.5562
 1153     12.1727      3.4582     19.3997      0.3599      28      0.8985
 1154     12.0344      3.3198     26.6571      0.0500      32      0.9239
 1155     11.8960      3.5965     19.3997      0.3446      28      0.9299
 1156     12.0344      3.8731     23.1680      1.4333     100      0.5132
 1157     11.7577      4.1498     19.5392      0.2021      28      0.9436
 1158     11.8960      4.1498     23.0284      0.3041     100      0.5536
 1159     12.3110      4.0115     18.0040      0.5402      28      0.9144
 1160     11.8960      4.7031     19.3997      0.3439      28      0.9299
 1161     12.7260      3.4582     26.6571      1.1839      32      0.9477
 1162     12.1727      4.8414     19.3997      0.3567      28      0.8985
 1163     12.1727      7.7463     30.5650      0.3224      38      0.9058
 1164     12.1727      7.8846     18.8414      1.1467     106      0.5018
 1165     11.8960      8.2996     18.8414      0.4055     106      0.5561
 1166     12.7260      7.7463     31.9606      0.4116      38      0.9078
 1167     11.8960      8.8529     31.5419      0.0821      38      0.9015
 1168     12.1727      8.8529     23.7262      0.4390      34      0.9187
 1169     12.1727     11.7577     19.3997      0.3628      36      0.8985
 1170     11.8960     11.8960     19.3997      0.3461      36      0.9299
 1171     12.0344     12.1727     23.0284      1.0417     108      0.4991
 1172     11.8960     12.4493     23.0284      0.3081     108      0.5536
 1173     11.7577     12.4493     19.5392      0.2035      36      0.9436
 1174     12.4493     12.4493     23.5867      0.2040     108      0.5396
 1175     12.3110     12.3110     18.0040      0.5495      36      0.9144
 1176     11.8960     13.0026     19.3997      0.3464      36      0.9299
 1177     12.1727     12.4493     31.2628      0.1640     112      0.5142
 1178     12.1727     13.1410     19.3997      0.3557      36      0.8985
 1179     12.0344     16.3225     31.8210      0.4151      46      0.9265
 1180     12.1727     16.1841     18.8414      1.0587     114      0.5018
 1181     11.8960     16.5991     18.8414      0.9514     114      0.5561
 1182     12.0344     16.8758     18.8414      1.0259     114      0.5019
 1183     11.8960     16.8758     31.8210      0.2905      46      0.9214
 1184     11.8960     16.5991     31.8210      0.1434      46      0.9177
 1185     12.1727     20.0573     19.3997      0.3626      44      0.8985
 1186     11.8960     20.1956     19.3997      0.3431      44      0.9299
 1187     12.1727     20.3339     23.0284      1.4380     116      0.4990
 1188     11.7577     20.7489     19.5392      0.2027      44      0.9436
 1189     11.8960     20.7489     23.0284      0.3055     116      0.5536
 1190     12.3110     20.6106     18.0040      0.5329      44      0.9144
 1191     12.0344     21.1639     26.6571      0.5406      48      0.9249
 1192     11.8960     21.3022     19.3997      0.3420      44      0.9299
 1193     12.1727     21.4405     19.3997      0.3556      44      0.8985
 1194     13.0026     24.3454     27.0758      3.9250     102      0.5127
 1195     12.4493     24.4837     27.6341      0.1864     102      0.5094
 1196     11.8960     24.2071     31.4023      0.1179      30      0.8966
 1197     12.4493     23.9304     30.9837      0.3454      30      0.9279
 1198     12.0344     24.4837     31.8210      0.4379      30      0.9135
 1199     12.1727      0.0000     31.9606      0.2596      30      0.9134
 1200     13.0026      0.5533     30.7045      1.4615      30      0.9113
 1201     12.7260      7.8846     18.8414      1.9794     106      0.5019
 1202     12.4493      8.8529     18.8414      0.3728     106      0.5561
 1203     12.8643      8.8529     30.7045      1.5068      38      0.8855
 1204     12.5877     12.4493     31.1232      0.5170     112      0.5108
 1205     12.8643     12.8643     27.6341      1.1704      40      0.9239
 1206     12.8643     16.3225     18.8414      1.9891     114      0.5019
 1207     12.4493     17.1524     18.8414      0.4716     114      0.5561
 1208     12.7260     20.0573     27.9132      1.5783      48      0.9084
 1209     12.1727     17.4291     30.5650      0.2567      46      0.9162
 1210     12.3110     24.2071     22.4701      0.2825      26      0.9112
 1211     12.7260     24.4837     18.8414      1.9885      98      0.5018
 1212     12.7260      3.3198     27.7736      1.1227      32      0.9435
 1213     12.7260      0.5533     23.7262      0.8629      26      0.9187
 1214     12.8643      4.4264     23.1680      1.6010     100      0.5132
 1215     12.4493      8.2996     24.0054      0.1881      34      0.9583
 1216     13.0026      8.0229     27.4945      0.4283     110      0.5013
 1217     12.4493      8.8529     31.9606      0.4669      38      0.9376
 1218     12.8643     12.7260     23.1680      1.5870     108      0.5132
 1219     12.1727     16.0458     30.5650      0.2135      46      0.8976
 1220     12.5877     16.8758     27.2154      0.4971     118      0.5112
 1221     12.7260     17.1524     23.7262      0.8703      42      0.9187
 1222     12.7260     20.3339     31.8210      2.0310     120      0.5170
 1223     12.4493     17.2907     31.8210      0.3401      46      0.9248
 1224     12.7260     21.1639     23.1680      1.5957     116      0.5132
 1225     12.8643      0.2767     31.8210      0.8981      30      0.9119
 1226     12.5877      3.5965     31.6815      1.4417     104      0.5012
 1227     12.4493      7.3313     31.4023      0.3087      38      0.9360
 1228     12.8643     12.1727     23.1680      1.2779     108      0.5132
 1229     12.4493     12.1727     26.5175      0.2226      40      0.9305
 1230     12.1727     17.1524     23.7262      0.2261      42      0.9187
 1231     12.0344     19.9189     26.6571      0.0554      48      0.9271
 1232     12.5877     24.2071     22.4701      0.2376      26      0.9112
 1233     12.8643      3.8731     23.1680      1.0818     100      0.5132
 1234     12.0344      3.3198     27.9132      0.0457      32      0.9172
 1235     12.7260      4.5648     26.7967      0.5476      32      0.9212
 1236     12.5877      7.6079     30.5650      0.2376      38      0.9391
 1237     12.5877      8.4379     26.7967      0.1608     110      0.5058
 1238     12.4493     12.4493     35.3102      2.1333     150      0.0748
 1239     12.0344     12.8643     26.7967      0.3995      40      0.9242
 1240     12.3110     16.1841     31.8210      0.5063      46      0.9185
 1241     13.0026     16.1841     22.4701      1.0206      42      0.9007
 1242     12.1727     16.8758     31.9606      0.0487      46      0.9223
 1243     12.8643     20.4722     23.1680      1.0763     116      0.5132
 1244     12.7260     21.1639     26.7967      0.7503      48      0.9296
 1245     12.3110      0.6916     30.5650      0.0827      30      0.9113
 1246     13.0026      5.9480     36.5663      0.2450     146      1.1789
 1247     12.4493      4.7031     23.0284      0.3015     100      0.5536
 1248     12.8643      4.5648     27.0758      0.3844      32      0.8981
 1249     12.8643      7.7463     30.5650      1.4248      38      0.9214
 1250     12.4493     11.8960     23.0284      0.3106     108      0.5536
 1251     12.4493     13.0026     23.0284      0.3153     108      0.5536
 1252     12.5877     15.9075     22.4701      0.2259      42      0.9112
 1253     12.4493     20.1956     18.1436      0.2399      44      0.9350
 1254     12.4493     19.9189     26.6571      0.4271      48      0.9202
 1255     12.4493     20.1956     23.0284      0.3124     116      0.5536
 1256     12.4493     21.3022     23.0284      0.3094     116      0.5537
 1257     13.0026     24.3454     30.5650      1.3214      30      0.9243
 1258     12.4493      3.4582     19.5392      0.2021      28      0.9437
 1259     12.4493      3.5965     23.0284      0.3045     100      0.5536
 1260     12.4493      4.8414     19.5392      0.2019      28      0.9437
 1261     12.4493      4.7031     18.1436      0.2369      28      0.9350
 1262     12.4493     11.8960     18.1436      0.2388      36      0.9350
 1263     12.4493     11.7577     19.5392      0.2021      36      0.9436
 1264     12.7260     11.6194     27.9132      1.4091      40      0.9128
 1265     12.4493     13.1410     19.5392      0.2030      36      0.9437
 1266     12.8643     12.7260     27.9132      0.9762      40      0.9430
 1267     12.3110     16.4608     31.9606      0.1924      46      0.9190
 1268     12.4493     20.0573     19.5392      0.2024      44      0.9436
 1269     12.8643     21.0256     27.7736      1.6038      48      0.9059
 1270     12.4493     21.4405     19.5392      0.2035      44      0.9437
 1271     12.7260     24.7604     31.9606      0.3955      30      0.9273
 1272     12.4493      3.5965     18.1436      0.2372      28      0.9350
 1273     12.5877      0.6916     22.4701      0.2124      26      0.9112
 1274     13.0026      4.7031     19.3997      0.6991      28      0.9299
 1275     12.4493      4.1498     23.5867      0.2050     100      0.5396
 1276     12.7260     11.7577     26.7967      1.3775      40      0.9162
 1277     12.7260      8.8529     23.7262      0.7483      34      0.9187
 1278     13.0026     13.0026     19.3997      1.1154      36      0.9299
 1279     12.5877     17.2907     22.4701      0.2085      42      0.9112
 1280     12.8643     20.0573     26.7967      0.8990      48      0.9293
 1281     13.0026     21.3022     19.3997      1.1242      44      0.9299
 1282     12.4493     21.3022     18.1436      0.2380      44      0.9350
 1283     12.7260     21.1639     31.8210      0.9333     120      0.4885
 1284     12.7260      0.4150     18.8414      1.0868      98      0.5019
 1285     12.7260      4.5648     27.7736      1.8313      32      0.9161
 1286     12.4493     13.0026     18.1436      0.2371      36      0.9350
 1287     12.4493     20.7489     23.5867      0.1967     116      0.5396
 1288     12.8643      4.0115     31.8210      1.5341     104      0.4994
 1289     12.8643      8.5762     18.8414      1.1757     106      0.5019
 1290     12.7260     16.0458     30.5650      0.5807      46      0.9062
 1291     12.8643     16.8758     18.8414      1.0869     114      0.5019
 1292     12.4493      0.0000     24.0054      0.1787      26      0.9583
 1293     12.1727      4.0115     27.3549      0.1768      32      0.1012
 1294     12.3110      9.6828     38.9389      0.0626     147      0.0577
 1295     12.1727     12.1727     27.3549      0.1797      40      0.1054
 1296     12.8643     12.7260     26.9362      0.3916      40      0.9414
 1297     12.4493     16.5991     24.0054      0.1793      42      0.9583
 1298     12.3110     20.6106     27.3549      0.1759      48      0.0996
 1299     12.5877     24.3454     31.8210      0.2666      30      0.9065
 1300     12.4493      0.0000     23.0284      0.1822      26      0.0186
 1301     12.4493      0.0000     31.1232      0.1793      30      0.0618
 1302     13.0026      3.7348     18.2831      0.6224      28      0.9249
 1303     12.4493      4.1498     18.8414      0.1743      28      0.0559
 1304     13.4176      6.2247     36.4267      0.7828     146      1.1611
 1305     13.0026      7.6079     23.3075      1.0176      34      0.9232
 1306     13.0026      4.5648     18.2831      0.6926      28      0.9249
 1307     12.4493      8.2996     23.0284      0.1822      34      0.0186
 1308     12.4493     12.4493     18.8414      0.1753      36      0.0559
 1309     13.0026     12.8643     18.2831      0.6918      36      0.9249
 1310     12.4493     16.5991     23.0284      0.1822      42      0.0186
 1311     12.4493     16.7374     31.1232      0.1783      46      0.0385
 1312     12.8643     20.1956     18.2831      0.6211      44      0.9249
 1313     12.4493     20.7489     18.8414      0.1744      44      0.0559
 1314     13.0026     21.3022     18.4227      0.6928      44      0.9152
 1315     12.7260      7.7463     23.7262      0.1814      34      0.9187
 1316     12.5877      6.9163     36.0080      0.0648     146      0.0465
 1317     12.4493      8.2996     31.2628      0.1763      38      0.0708
 1318     13.0026     12.0344     18.2831      0.6216      36      0.9249
 1319     12.7260     16.0458     23.7262      0.4833      42      0.9187
 1320     12.5877     16.4608     31.9606      0.3305      46      0.9231
 1321     13.1410     16.4608     22.4701      0.2314      42      0.9112
 1322     12.7260     24.3454     23.7262      0.7897      26      0.9187
 1323     12.8643     24.3454     22.4701      1.0182      26      0.9006
 1324     12.5877      0.6916     30.5650      0.1035      30      0.9165
 1325     12.5877      7.6079     22.4701      0.1278      34      0.9112
 1326     12.8643      3.3198     27.4945      0.3828      32      0.9239
 1327     12.8643      3.7348     26.6571      0.3530      32      0.9225
 1328     12.8643      3.7348     27.9132      0.2052      32      0.9158
 1329     12.5877      4.2881     18.0040      0.0736      28      0.9144
 1330     13.0026      7.7463     22.6097      1.0201      34      0.8964
 1331     12.4493     12.8643     26.7967      0.0571      40      0.9250
 1332     12.5877     12.5877     18.0040      0.0642      36      0.9144
 1333     13.0026     17.1524     31.6815      0.7903      46      0.9245
 1334     12.8643     20.3339     26.6571      0.3174      48      0.9126
 1335     12.4493     21.1639     26.6571      0.1024      48      0.9180
 1336     12.8643     21.1639     27.0758      0.2489      48      0.8982
 1337     13.1410     24.7604     22.4701      0.2234      26      0.9112
 1338     13.0026      0.5533     22.6097      1.3539      26      0.8965
 1339     13.1410      0.5533     23.3075      0.3873      26      0.9233
 1340     12.7260      3.4582     19.3997      0.2102      28      0.8985
 1341     12.8643      3.3198     27.0758      0.1136      32      0.9261
 1342     13.1410      3.5965     19.1205      0.4640      28      0.9134
 1343     13.0026      3.5965     19.3997      0.3450      28      0.9299
 1344     12.8643      4.1498     26.6571      0.1454      32      0.9132
 1345     13.0026      4.1498     23.0284      0.3061     100      0.5536
 1346     12.7260      4.8414     19.3997      0.2103      28      0.8985
 1347     13.1410      4.7031     19.1205      0.3830      28      0.9134
 1348     13.0026      7.7463     31.8210      0.4938      38      0.9197
 1349     13.0026      8.8529     22.6097      1.4516      34      0.8964
 1350     13.1410      8.5762     31.8210      1.1151      38      0.9238
 1351     12.5877      8.9912     22.4701      0.1234      34      0.9112
 1352     13.1410      8.8529     23.3075      0.4136      34      0.9233
 1353     12.7260     11.7577     19.3997      0.2104      36      0.8985
 1354     13.0026     11.7577     19.1205      0.4595      36      0.9134
 1355     13.0026     11.8960     19.3997      0.3465      36      0.9299
 1356     12.8643     12.4493     26.7967      0.1221      40      0.9145
 1357     13.0026     12.4493     23.0284      0.3145     108      0.5536
 1358     13.0026     13.1410     19.1205      0.3822      36      0.9135
 1359     13.0026     15.9075     23.3075      0.4134      42      0.9232
 1360     12.8643     16.3225     31.8210      0.3555      46      0.9389
 1361     13.0026     16.1841     30.5650      1.0014      46      0.9432
 1362     13.0026     17.1524     22.6097      1.0791      42      0.8964
 1363     13.1410     17.1524     23.3075      0.4134      42      0.9233
 1364     12.7260     20.0573     19.3997      0.2097      44      0.8985
 1365     13.0026     20.0573     19.1205      0.4628      44      0.9134
 1366     13.0026     20.1956     19.3997      0.3417      44      0.9299
 1367     12.8643     20.7489     26.6571      0.1764      48      0.9118
 1368     13.0026     20.7489     23.0284      0.3067     116      0.5536
 1369     12.5877     20.8872     18.0040      0.0829      44      0.9144
 1370     13.1410     21.3022     19.1205      0.3830      44      0.9135
 1371     13.1410     24.3454     23.3075      0.4118      26      0.9232
 1372     12.8643     24.4837     31.8210      0.4172      30      0.9291
 1373     12.8643      0.0000     26.7967      0.1891     102      0.5135
 1374     13.0026      0.0000     31.8210      0.3820      30      0.9318
 1375     13.1410      3.5965     18.7018      0.1229      28      0.9070
 1376     13.0026      4.1498     18.1436      0.2370      28      0.9350
 1377     13.1410      4.1498     19.5392      0.2025      28      0.9437
 1378     13.1410      4.7031     18.7018      0.2021      28      0.9070
 1379     13.6943      6.6396     36.1476      0.5884     146      1.1698
 1380     13.1410      8.1612     22.4701      0.1277      34      0.9112
 1381     13.0026      8.0229     31.9606      0.1056      38      0.9074
 1382     13.1410      8.1612     30.5650      0.2340      38      0.9384
 1383     13.1410     11.8960     18.7018      0.1233      36      0.9070
 1384     13.0026     12.4493     18.1436      0.2386      36      0.9350
 1385     13.1410     12.4493     19.5392      0.2039      36      0.9437
 1386     13.1410     13.0026     18.7018      0.2019      36      0.9071
 1387     13.0026     16.0458     31.2628      0.1056      46      0.9020
 1388     13.0026     16.3225     23.7262      0.2640      42      0.9187
 1389     13.0026     16.7374     31.8210      0.3887      46      0.9259
 1390     13.1410     16.7374     22.4701      0.2807      42      0.9112
 1391     13.1410     20.1956     18.7018      0.1218      44      0.9070
 1392     13.0026     20.7489     18.1436      0.2382      44      0.9350
 1393     13.1410     20.7489     19.5392      0.2032      44      0.9437
 1394     13.1410     21.3022     18.7018      0.2019      44      0.9071
 1395     13.1410      0.5533     30.9837      0.1218      30      0.9341
 1396     13.1410      3.8731     19.3997      0.3566      28      0.8985
 1397     13.1410      4.4264     19.3997      0.2106      28      0.8985
 1398     13.1410     12.1727     19.3997      0.3558      36      0.8985
 1399     13.1410     20.4722     19.3997      0.3564      44      0.8985
 1400     13.1410      7.6079     31.4023      0.0432      38      0.9243
 1401     13.4176      8.2996     31.4023      0.3259      38      0.9347
 1402     13.1410     17.2907     31.2628      0.0659      46      0.9206
 1403     16.1841      7.7463     18.2831      0.6901      57      0.9249
 1404     16.0458      0.0000     18.1436      0.2377      49      0.9350
 1405     16.0458      8.2996     18.1436      0.2373      57      0.9350
 1406     16.0458     16.5991     18.1436      0.2369      65      0.9350
 1407     16.0458      0.5533     18.4227      0.4284      49      0.9152
 1408     16.1841      8.8529     18.2831      0.6214      57      0.9249
 1409     16.1841     17.1524     18.2831      0.6180      65      0.9249
 1410     15.9075     16.0458     18.7018      0.1209      65      0.9070
 1411     16.0458     16.0458     18.4227      0.6905      65      0.9151
 1412     16.0458      0.6916     19.1205      0.4639      49      0.9134
 1413     15.9075     16.0458     19.1205      0.3824      65      0.9134
 1414     15.9075     24.3454     19.1205      0.3857      49      0.9134
 1415     16.3225     24.4837     31.8210      1.2758     127      0.5005
 1416     15.9075     24.3454     18.7018      0.1169      49      0.9070
 1417     16.1841     24.3454     18.2831      0.6899      49      0.9249
 1418     16.0458      0.4150     18.2831      0.1888      49      0.9249
 1419     16.0458      8.9912     19.1205      0.4635      57      0.9134
 1420     15.9075     17.1524     19.1205      0.4694      65      0.9134
 1421     16.3225     17.0141     31.8210      1.8601     143      0.5232
 1422     16.7374      0.1383     18.0040      0.5356      49      0.9144
 1423     16.4608      0.4150     31.8210      1.8519     127      0.4978
 1424     16.0458      7.6079     19.1205      0.4617      57      0.9134
 1425     16.0458      7.6079     18.7018      0.1238      57      0.9070
 1426     16.0458      8.9912     18.7018      0.1222      57      0.9070
 1427     16.0458     17.2907     18.7018      0.1225      65      0.9070
 1428     15.9075      0.5533     18.7018      0.1214      49      0.9070
 1429     16.0458      4.7031     27.0758      4.0773     125      0.5055
 1430     16.0458     13.0026     27.0758      4.0619     133      0.5171
 1431     16.3225     16.1841     31.8210      1.6718     143      0.5043
 1432     16.1841     20.4722     18.8414      1.0636     137      0.5018
 1433     16.0458      4.5648     30.5650      1.8026      55      0.9214
 1434     15.9075      4.2881     30.5650      0.3147      55      0.9229
 1435     16.3225     13.0026     23.7262      0.7479      59      0.9187
 1436     16.4608     16.4608     18.0040      0.0856      65      0.9144
 1437     16.7374     16.7374     18.0040      0.5365      65      0.9144
 1438     16.0458     21.1639     30.5650      1.5954      71      0.9210
 1439     16.0458     21.1639     26.9362      1.9207     141      0.5054
 1440     16.0458     20.0573     30.8441      1.2338      71      0.9242
 1441     16.0458     21.3022     27.2154      1.2295     141      0.5098
 1442     16.1841     21.0256     31.8210      0.8675      71      0.9219
 1443     15.9075      0.2767     19.3997      0.2893      49      0.8985
 1444     15.9075     24.6220     19.3997      0.2769      49      0.8985
 1445     16.3225      0.6916     27.9132      1.6900      53      0.9257
 1446     16.0458      3.5965     22.6097      1.2968      51      0.8964
 1447     16.1841      0.8300     27.0758      0.2834      53      0.9090
 1448     16.0458      3.5965     30.5650      1.3523      55      0.9358
 1449     16.3225      3.5965     23.7262      0.8085      51      0.9187
 1450     16.0458      3.4582     30.8441      0.3527      55      0.9082
 1451     15.9075      4.0115     22.4701      0.2750      51      0.9112
 1452     15.9075      3.5965     23.3075      0.4097      51      0.9232
 1453     16.1841      3.8731     31.8210      0.9169      55      0.9057
 1454     16.1841      3.8731     18.8414      1.0597     121      0.5018
 1455     16.0458      4.4264     23.7262      0.7847      51      0.9187
 1456     16.1841      4.2881     31.8210      0.5886      55      0.8993
 1457     16.0458      4.7031     22.6097      1.0320      51      0.8964
 1458     15.9075      4.7031     23.3075      0.4129      51      0.9232
 1459     15.9075      4.2881     22.4701      0.2275      51      0.9112
 1460     16.1841      4.4264     18.8414      1.9926     121      0.5018
 1461     16.1841      7.8846     27.6341      1.4752      61      0.9017
 1462     15.9075      8.0229     19.3997      0.2111      57      0.8985
 1463     15.9075      8.5762     19.3997      0.3574      57      0.8985
 1464     16.4608      8.1612     18.0040      0.0840      57      0.9144
 1465     16.7374      8.4379     18.0040      0.5314      57      0.9144
 1466     16.1841      8.5762     23.1680      0.9994     131      0.5132
 1467     16.1841      8.9912     26.7967      1.5311      61      0.9039
 1468     16.3225      9.1295     27.7736      1.4921      61      0.9059
 1469     16.0458     11.8960     22.6097      1.7311      59      0.8964
 1470     15.9075     11.8960     23.3075      0.4069      59      0.9232
 1471     16.3225     11.8960     23.7262      0.8127      59      0.9187
 1472     16.0458     12.0344     30.7045      0.7383      63      0.9150
 1473     16.5991     12.4493     24.0054      0.1792      59      0.9583
 1474     16.0458     12.8643     30.7045      1.2272      63      0.9129
 1475     15.9075     12.4493     31.4023      0.1804      63      0.9184
 1476     16.1841     13.0026     22.4701      1.0198      59      0.9007
 1477     15.9075     13.0026     23.3075      0.4133      59      0.9232
 1478     15.9075     12.5877     22.4701      0.2239      59      0.9112
 1479     16.3225     16.1841     23.1680      1.5928     139      0.5132
 1480     16.1841     16.1841     26.9362      1.2187      69      0.9115
 1481     15.9075     16.3225     19.3997      0.2105      65      0.8985
 1482     15.9075     16.8758     19.3997      0.3561      65      0.8985
 1483     16.0458     20.1956     22.6097      1.6673      67      0.8964
 1484     15.9075     20.1956     23.3075      0.3982      67      0.9232
 1485     16.3225     20.1956     23.7262      0.8864      67      0.9186
 1486     16.1841     20.4722     31.8210      0.4255      71      0.8987
 1487     16.1841     20.7489     27.6341      0.0912     141      0.5068
 1488     16.3225     21.3022     23.7262      0.7490      67      0.9187
 1489     16.1841     21.3022     22.4701      1.0205      67      0.9007
 1490     16.0458     21.4405     23.3075      0.4138      67      0.9232
 1491     15.9075     20.8872     22.4701      0.1300      67      0.9112
 1492     16.5991     24.3454     31.6815      0.6943     127      0.5216
 1493     15.9075      0.0000     19.5392      0.2027      49      0.9436
 1494     16.3225     24.4837     23.1680      1.5965     123      0.5131
 1495     16.0458      0.0000     23.0284      0.3063     123      0.5536
 1496     16.1841     24.4837     26.9362      1.2962      53      0.9262
 1497     16.1841     24.4837     27.6341      1.7338      53      0.9203
 1498     16.1841      0.2767     23.1680      1.0791     123      0.5132
 1499     16.1841      0.6916     26.7967      0.5545      53      0.9311
 1500     16.1841      0.4150     26.6571      0.2948      53      0.9071
 1501     16.0458      0.5533     19.3997      0.3420      49      0.9299
 1502     16.3225      0.6916     19.3997      0.2095      49      0.8985
 1503     16.5991      3.5965     18.8414      0.9517     121      0.5561
 1504     16.5991      4.1498     26.7967      1.1893     125      0.4966
 1505     16.7374      4.0115     27.0758      0.9246     125      0.5031
 1506     15.9075      3.5965     31.2628      0.0392      55      0.9136
 1507     16.3225      7.6079     19.3997      0.2108      57      0.8985
 1508     16.4608      4.8414     22.4701      0.2263      51      0.9112
 1509     16.1841      8.1612     31.6815      4.2964     135      0.5120
 1510     16.0458      7.7463     19.3997      0.5814      57      0.9299
 1511     16.3225      7.8846     23.1680      1.5993     131      0.5132
 1512     16.1841      7.8846     26.9362      0.9639      61      0.9074
 1513     16.0458      7.8846     27.3549      0.5359      61      0.9365
 1514     15.9075      8.2996     19.5392      0.2023      57      0.9436
 1515     16.0458      8.2996     23.0284      0.3021     131      0.5536
 1516     16.0458      8.4379     27.9132      0.0932      61      0.9432
 1517     16.0458      8.8529     19.3997      0.3436      57      0.9299
 1518     17.1524      8.2996     31.6815      2.2856     135      0.5123
 1519     16.3225      8.9912     19.3997      0.2104      57      0.8985
 1520     16.3225     11.7577     30.7045      0.9411      63      0.9064
 1521     16.1841     12.1727     18.8414      1.0668     129      0.5018
 1522     16.5991     11.8960     18.8414      0.9508     129      0.5561
 1523     16.7374     12.3110     27.0758      1.7400     133      0.4968
 1524     16.1841     12.4493     27.6341      0.1832     133      0.5095
 1525     16.3225     12.8643     18.8414      1.9840     129      0.5019
 1526     16.3225     12.1727     31.8210      0.5468      63      0.9076
 1527     17.2907     13.0026     30.5650      1.4223      63      0.9184
 1528     16.3225     12.7260     31.8210      0.6006      63      0.9062
 1529     16.3225     13.1410     30.7045      0.5631      63      0.9030
 1530     16.0458     15.9075     18.7018      0.0834      65      0.9070
 1531     16.3225     15.9075     19.3997      0.2104      65      0.8985
 1532     16.4608     13.1410     22.4701      0.2346      59      0.9112
 1533     16.0458     16.0458     19.3997      0.7051      65      0.9299
 1534     16.1841     16.0458     27.3549      0.6022      69      0.9402
 1535     16.1841     16.1841     27.6341      1.4792      69      0.9017
 1536     15.9075     16.5991     19.5392      0.2024      65      0.9436
 1537     16.0458     16.5991     23.0284      0.3082     139      0.5536
 1538     16.1841     16.8758     23.1680      1.0731     139      0.5132
 1539     16.1841     17.2907     26.7967      0.9285      69      0.9398
 1540     16.3225     17.2907     27.9132      0.9946      69      0.9295
 1541     16.0458     17.1524     19.3997      0.3417      65      0.9299
 1542     16.1841     17.0141     26.6571      0.2887      69      0.9111
 1543     16.1841     17.4291     27.4945      0.1907      69      0.9134
 1544     16.1841     17.4291     27.0758      0.2931      69      0.9192
 1545     16.3225     17.2907     19.3997      0.2094      65      0.8985
 1546     16.5991     20.1956     18.8414      0.9393     137      0.5561
 1547     16.1841     20.7489     26.7967      0.1058     141      0.5066
 1548     16.5991     20.7489     27.6341      0.4040     141      0.4999
 1549     16.1841     21.0256     18.8414      1.9896     137      0.5019
 1550     16.0458     24.2071     18.7018      0.0845      49      0.9070
 1551     16.0458     24.3454     19.3997      0.9146      49      0.9299
 1552     16.4608     21.4405     22.4701      0.2258      67      0.9112
 1553     16.4608     24.7604     18.0040      0.0859      49      0.9144
 1554     16.4608      4.5648     31.8210      0.4393      55      0.9005
 1555     16.5991      8.5762     26.3780      0.1231      61      0.9311
 1556     16.1841     12.4493     31.8210      0.2790      63      0.9425
 1557     16.5991     20.0573     30.4254      0.2517      71      0.9342
 1558     16.5991     17.4291     27.9132      0.4764      69      0.9215
 1559     16.7374     20.6106     27.0758      1.6423     141      0.4888
 1560     16.0458     21.3022     31.4023      0.0635      71      0.9016
 1561     17.0141     21.1639     31.8210      0.6994      71      0.9328
 1562     16.3225     21.4405     27.2154      0.8110     141      0.5109
 1563     16.4608     21.4405     30.5650      0.3033      71      0.9196
 1564     16.7374      0.4150     31.8210      1.7236     127      0.4988
 1565     16.5991      0.0000     23.5867      0.1966     123      0.5396
 1566     17.1524      4.7031     22.6097      1.5717      51      0.8964
 1567     16.5991     12.4493     26.7967      0.3575     133      0.4999
 1568     16.7374     13.1410     22.4701      0.2801      59      0.9112
 1569     16.8758     17.0141     31.8210      1.3880     143      0.5215
 1570     16.5991     20.7489     26.7967      0.4543     141      0.4996
 1571     17.1524     21.3022     22.6097      1.5700      67      0.8965
 1572     16.8758      0.4150     23.0284      1.4365     123      0.4991
 1573     16.8758      0.6916     19.3997      0.3622      49      0.8985
 1574     17.1524      3.5965     22.6097      1.7129      51      0.8964
 1575     16.5991      4.1498     24.0054      0.1815      51      0.9583
 1576     16.8758      8.7145     23.1680      1.5548     131      0.5132
 1577     16.8758      8.9912     19.3997      0.3586      57      0.8985
 1578     16.8758     17.0141     23.0284      1.4475     139      0.4991
 1579     16.8758     17.2907     19.3997      0.3602      65      0.8985
 1580     17.1524     20.1956     22.6097      1.7261      67      0.8964
 1581     16.4608     20.1956     31.8210      0.1807      71      0.9134
 1582     16.5991     20.7489     24.0054      0.1789      67      0.9583
 1583     17.0141      7.8846     26.6571      1.5380      61      0.9184
 1584     16.5991      8.2996     23.5867      0.2009     131      0.5396
 1585     16.5991     16.5991     23.5867      0.1980     139      0.5396
 1586     16.5991     19.7806     30.9837      0.2657      71      0.9377
 1587     17.1524     20.4722     31.8210      0.7689      71      0.9172
 1588     16.5991     21.3022     31.8210      0.2224      71      0.9410
 1589     16.5991      0.8300     26.6571      0.3761      53      0.9235
 1590     16.7374      4.9797     30.8441      0.2990      55      0.9195
 1591     16.5991      8.8529     23.0284      0.3044     131      0.5536
 1592     16.8758     13.0026     31.8210      0.3240      63      0.9289
 1593     16.8758     16.1841     31.8210      1.2055     143      0.5026
 1594     16.5991     24.3454     18.1436      0.2377      49      0.9350
 1595     16.5991      0.5533     18.1436      0.2387      49      0.9350
 1596     16.5991      0.6916     19.5392      0.2030      49      0.9437
 1597     16.5991      0.5533     23.0284      0.3075     123      0.5537
 1598     17.0141      3.8731     18.8414      1.0310     121      0.5019
 1599     16.8758      7.6079     19.3997      0.3570      57      0.8985
 1600     16.5991      7.6079     19.5392      0.2021      57      0.9436
 1601     16.5991      7.7463     23.0284      0.3085     131      0.5536
 1602     16.5991      8.9912     19.5392      0.2022      57      0.9437
 1603     16.8758     12.0344     18.8414      1.0306     129      0.5019
 1604     16.5991     12.4493     27.6341      0.3215     133      0.5112
 1605     16.4608     12.4493     31.9606      0.6625      63      0.9316
 1606     16.8758     15.9075     19.3997      0.3560      65      0.8985
 1607     16.5991     15.9075     19.5392      0.2024      65      0.9436
 1608     16.5991     16.0458     23.0284      0.3085     139      0.5536
 1609     16.5991     17.2907     19.5392      0.2020      65      0.9437
 1610     16.5991     17.1524     23.0284      0.3077     139      0.5536
 1611     17.0141     20.4722     18.8414      1.0360     137      0.5019
 1612     16.3225     20.7489     31.9606      0.2848      71      0.9303
 1613     16.8758     24.2071     19.3997      0.3560      49      0.8985
 1614     16.5991     24.2071     19.5392      0.2024      49      0.9436
 1615     16.5991     24.3454     23.0284      0.3078     123      0.5536
 1616     16.4608      4.2881     31.9606      0.4629      55      0.9244
 1617     16.5991      7.7463     18.1436      0.2371      57      0.9350
 1618     16.5991      8.8529     18.1436      0.2391      57      0.9350
 1619     16.8758     11.8960     31.8210      0.2535      63      0.9316
 1620     16.5991     17.1524     18.1436      0.2401      65      0.9350
 1621     16.5991     21.0256     31.9606      0.2394      71      0.9263
 1622     17.1524      3.5965     31.6815      0.9206      55      0.9303
 1623     16.4608      3.5965     31.8210      0.0805      55      0.9153
 1624     16.8758      4.5648     18.8414      1.0781     121      0.5019
 1625     16.8758      7.8846     23.1680      1.0455     131      0.5132
 1626     16.5991     16.0458     18.1436      0.2372      65      0.9350
 1627     16.8758     12.8643     18.8414      1.0806     129      0.5019
 1628     16.5991     16.5991     32.2397      0.1760     143      0.5383
 1629     17.1524     17.0141     18.2831      0.5617      65      0.9250
 1630     16.8758     21.1639     18.8414      1.0816     137      0.5019
 1631     17.1524     13.0026     22.6097      1.0782      59      0.8964
 1632     17.2907     24.4837     26.7967      1.3277      53      0.9278
 1633     16.5991      4.2881     27.6341      0.4689     125      0.4905
 1634     17.1524     11.8960     22.6097      1.5611      59      0.8964
 1635     17.1524     11.8960     31.6815      1.0373      63      0.9039
 1636     16.5991     20.7489     30.1463      0.1936      71      0.9470
 1637     16.5991      0.0000     18.8414      0.1744      49      0.0559
 1638     16.5991      4.1498     23.0284      0.1822      51      0.0186
 1639     16.5991      8.2996     18.8414      0.1743      57      0.0559
 1640     16.5991     12.4493     23.0284      0.1822      59      0.0186
 1641     16.7374     16.5991     26.3780      0.1566      69      0.9365
 1642     16.5991     16.5991     18.8414      0.1734      65      0.0559
 1643     16.5991     20.7489     23.0284      0.1822      67      0.0186
 1644     16.5991      4.1498     31.1232      0.1755      55      0.0886
 1645     17.1524      4.4264     23.7262      0.8097      51      0.9187
 1646     16.7374      8.4379     27.3549      0.1796      61      0.0858
 1647     17.0141      8.8529     18.2831      0.5602      57      0.9249
 1648     16.7374     12.4493     31.1232      0.1793      63      0.0520
 1649     17.0141     12.8643     23.7262      0.8683      59      0.8976
 1650     17.2907     16.1841     26.7967      1.2033      69      0.9219
 1651     16.7374     16.7374     27.3549      0.1806      69      0.0793
 1652     16.5991     20.7489     31.1232      0.1745      71      0.0720
 1653     17.1524     21.0256     23.7262      0.8376      67      0.9187
 1654     17.1524      0.4150     18.2831      0.6267      49      0.9250
 1655     16.7374      0.1383     27.3549      0.1749      53      0.0952
 1656     17.1524      7.8846     18.2831      0.6234      57      0.9249
 1657     17.1524     24.4837     18.2831      0.5562      49      0.9249
 1658     17.1524      0.0000     23.0284      0.3079     123      0.5536
 1659     16.8758     24.4837     23.1680      1.0792     123      0.5132
 1660     16.8758     24.4837     31.8210      1.0633     127      0.5026
 1661     17.1524      0.5533     19.3997      0.3436      49      0.9299
 1662     17.1524      0.6916     19.1205      0.4617      49      0.9135
 1663     16.8758      3.5965     23.7262      0.2519      51      0.9187
 1664     17.1524      3.4582     23.3075      0.3561      51      0.9232
 1665     17.2907      3.5965     30.7045      0.9891      55      0.8925
 1666     17.1524      3.8731     23.7262      0.3975      51      0.9187
 1667     17.1524      4.1498     18.8414      0.4735     121      0.5561
 1668     16.8758      4.5648     31.8210      0.5320      55      0.9087
 1669     17.1524      4.7031     30.5650      1.3479      55      0.9404
 1670     17.1524      4.8414     23.3075      0.4103      51      0.9233
 1671     17.1524      7.6079     19.1205      0.4635      57      0.9134
 1672     17.1524      7.7463     19.3997      0.4275      57      0.9299
 1673     17.1524      8.2996     23.0284      0.3040     131      0.5536
 1674     17.1524      8.8529     19.3997      0.3794      57      0.9299
 1675     17.1524      8.9912     19.1205      0.4625      57      0.9135
 1676     16.8758     11.8960     23.7262      0.6240      59      0.9187
 1677     17.1524     11.7577     23.3075      0.3518      59      0.9232
 1678     17.2907     12.5877     22.4701      0.2105      59      0.9112
 1679     17.1524     12.4493     18.8414      0.4713     129      0.5561
 1680     17.1524     13.1410     23.3075      0.4156      59      0.9233
 1681     17.1524     16.1841     18.2831      0.6177      65      0.9249
 1682     17.1524     16.0458     19.3997      0.3417      65      0.9299
 1683     17.1524     15.9075     19.1205      0.4686      65      0.9134
 1684     16.8758     16.1841     23.1680      1.0735     139      0.5132
 1685     17.1524     16.5991     23.0284      0.3076     139      0.5536
 1686     17.1524     16.5991     31.6815      0.3263     143      0.5522
 1687     17.1524     17.1524     19.3997      0.3437      65      0.9299
 1688     17.1524     17.2907     19.1205      0.4585      65      0.9135
 1689     16.8758     20.1956     23.7262      0.3711      67      0.9187
 1690     17.1524     20.0573     30.7045      0.7205      71      0.9099
 1691     17.1524     20.0573     23.3075      0.3500      67      0.9232
 1692     17.1524     20.7489     18.8414      0.4730     137      0.5561
 1693     17.1524     21.3022     30.5650      1.5170      71      0.9371
 1694     17.1524     21.4405     23.3075      0.4104      67      0.9233
 1695     17.1524     24.3454     19.3997      0.3416      49      0.9299
 1696     17.2907     24.3454     19.1205      0.4634      49      0.9134
 1697     17.1524      0.0000     18.1436      0.2392      49      0.9350
 1698     17.2907      0.0000     19.5392      0.2029      49      0.9437
 1699     17.2907     24.6220     27.9132      1.7191      53      0.9227
 1700     17.4291      0.6916     27.7736      0.4098      53      0.9451
 1701     17.2907      0.5533     18.7018      0.1220      49      0.9071
 1702     17.4291      0.8300     27.0758      1.2062      53      0.9315
 1703     17.1524      4.2881     31.8210      0.1698      55      0.9182
 1704     17.2907      4.7031     30.8441      0.3518      55      0.9135
 1705     17.0141      7.8846     27.9132      0.2273      61      0.9083
 1706     17.1524      7.6079     18.7018      0.1227      57      0.9070
 1707     17.2907      7.8846     27.7736      1.4693      61      0.9444
 1708     17.1524      8.2996     18.1436      0.2383      57      0.9350
 1709     17.2907      8.2996     19.5392      0.2022      57      0.9437
 1710     17.1524      8.9912     18.7018      0.1231      57      0.9070
 1711     17.1524      8.9912     26.6571      0.2732      61      0.8997
 1712     17.2907      9.1295     27.6341      0.7023      61      0.8991
 1713     17.0141     11.7577     30.5650      0.1293      63      0.8992
 1714     17.2907     11.8960     30.5650      0.7187      63      0.9211
 1715     17.2907     11.7577     30.8441      0.2227      63      0.9006
 1716     17.1524     12.8643     31.8210      0.6766      63      0.9305
 1717     17.2907     16.3225     27.9132      1.5510      69      0.9137
 1718     17.2907     16.0458     18.7018      0.1228      65      0.9070
 1719     17.1524     16.5991     18.1436      0.2400      65      0.9350
 1720     17.2907     16.5991     19.5392      0.2022      65      0.9437
 1721     17.4291     17.2907     26.9362      0.6238      69      0.9061
 1722     17.4291     17.2907     27.6341      0.5389      69      0.8962
 1723     17.2907     17.1524     18.7018      0.1216      65      0.9071
 1724     17.2907     20.0573     30.9837      0.4086      71      0.9208
 1725     17.1524     20.1956     31.6815      0.2652      71      0.9303
 1726     17.1524     20.4722     23.7262      0.2266      67      0.9187
 1727     17.2907     21.3022     30.8441      0.3792      71      0.9057
 1728     17.1524     24.2071     18.7018      0.1217      49      0.9070
 1729     17.2907      0.2767     19.3997      0.3599      49      0.8985
 1730     17.0141      0.8300     27.9132      0.0621      53      0.9203
 1731     17.1524      4.8414     31.2628      0.0981      55      0.9189
 1732     17.2907      8.0229     19.3997      0.2102      57      0.8985
 1733     17.2907      8.5762     19.3997      0.3586      57      0.8985
 1734     17.2907      9.1295     26.9362      0.4172      61      0.9048
 1735     17.4291      9.1295     27.2154      0.4326      61      0.9302
 1736     17.2907     12.3110     31.8210      0.1083      63      0.9169
 1737     17.4291     12.4493     30.4254      0.2753      63      0.9312
 1738     17.2907     12.5877     31.8210      0.0667      63      0.9163
 1739     17.2907     16.3225     19.3997      0.2093      65      0.8985
 1740     17.2907     16.8758     19.3997      0.3603      65      0.8985
 1741     17.4291     17.4291     27.2154      0.4209      69      0.9278
 1742     17.1524     20.8872     31.8210      0.2313      71      0.9031
 1743     17.2907     24.6220     19.3997      0.2098      49      0.8985
 1744     17.4291      0.0000     26.6571      0.2953      53      0.9210
 1745     17.4291      0.4150     27.9132      0.0632      53      0.9191
 1746     17.2907      3.4582     31.2628      0.0523      55      0.9216
 1747     17.4291     16.5991     26.6571      0.2699      69      0.9254
 1748     17.4291     17.0141     27.9132      0.0651      69      0.9253
 1749     17.7057     12.4493     30.9837      0.1945      63      0.9429
 1750     20.3339      4.7031     18.2831      0.6190      52      0.9249
 1751     20.1956     21.1639     18.2831      0.6170      68      0.9249
 1752     20.1956     20.7489     18.1436      0.2388      68      0.9350
 1753     20.1956     12.4493     18.1436      0.2393      60      0.9350
 1754     20.1956     12.8643     18.2831      0.3989      60      0.9249
 1755     20.1956     13.1410     18.7018      0.1217      60      0.9070
 1756     20.1956      4.1498     18.1436      0.2377      52      0.9350
 1757     20.3339     11.8960     18.2831      0.5609      60      0.9249
 1758     20.0573      3.5965     19.1205      0.4583      52      0.9134
 1759     20.3339      3.5965     18.2831      0.5617      52      0.9249
 1760     20.1956      4.8414     18.7018      0.1213      52      0.9070
 1761     20.1956     11.7577     19.1205      0.4588      60      0.9134
 1762     20.1956     20.3339     18.2831      0.5624      68      0.9249
 1763     20.4722     21.1639     31.8210      1.3729     144      0.5237
 1764     20.0573      4.7031     19.1205      0.4702      52      0.9134
 1765     20.1956     20.0573     19.1205      0.4606      68      0.9134
 1766     20.1956     21.4405     18.7018      0.1216      68      0.9070
 1767     20.0573     21.3022     19.1205      0.4659      68      0.9134
 1768     20.3339      0.2767     18.8414      0.5651     122      0.5019
 1769     19.9189      3.3198     27.0758      0.4587      56      0.9098
 1770     19.9189      4.5648     27.0758      0.4409      56      0.9076
 1771     20.3339      4.4264     31.6815      2.0758     128      0.5181
 1772     20.3339      3.8731     31.6815      1.1616     128      0.5042
 1773     20.0573     13.0026     19.1205      0.4633      60      0.9134
 1774     20.4722     17.0141     18.8414      0.4347     138      0.5019
 1775     20.0573     20.1956     18.7018      0.0698      68      0.9070
 1776     20.3339     24.3454     31.6815      0.5486      54      0.9080
 1777     19.9189      3.3198     27.4945      0.2171      56      0.9033
 1778     20.0573      3.3198     27.7736      0.4363      56      0.9217
 1779     19.9189      3.7348     27.9132      0.1691      56      0.8993
 1780     19.9189      3.4582     26.7967      0.4261      56      0.9365
 1781     19.9189      3.7348     26.6571      0.0698      56      0.9190
 1782     19.9189      4.4264     27.7736      1.5575      56      0.9198
 1783     20.0573      4.5648     26.7967      0.4168      56      0.9344
 1784     19.9189     11.6194     27.0758      1.1870      64      0.9294
 1785     19.9189     11.6194     27.4945      0.1002      64      0.9195
 1786     20.0573     11.6194     27.7736      0.3353      64      0.9322
 1787     20.1956     11.7577     18.7018      0.1215      60      0.9070
 1788     19.9189     12.0344     27.9132      0.0854      64      0.9104
 1789     20.0573     12.7260     27.9132      1.2504      64      0.9237
 1790     20.0573     12.8643     26.7967      1.4247      64      0.9473
 1791     20.3339     12.3110     31.8210      1.3532     136      0.5016
 1792     20.3339     12.5877     31.8210      2.2567     136      0.4963
 1793     19.9189     19.9189     27.0758      0.6752      72      0.9174
 1794     19.9189     19.9189     27.4945      0.0936      72      0.9130
 1795     20.0573     19.9189     27.7736      0.3658      72      0.9307
 1796     20.0573     19.9189     26.7967      0.3891      72      0.9410
 1797     20.0573     21.0256     27.9132      1.2538      72      0.9278
 1798     20.3339     20.4722     31.6815      1.4145     144      0.5103
 1799     20.0573     21.1639     26.7967      0.6596      72      0.9377
 1800     20.1956     24.3454     30.5650      0.4679      54      0.9305
 1801     20.0573     24.6220     30.5650      0.5360      54      0.8993
 1802     20.0573      0.2767     30.5650      0.3331      54      0.9023
 1803     20.0573      0.0000     30.4254      0.1234      54      0.9481
 1804     20.1956      0.5533     30.5650      0.2679      54      0.9363
 1805     20.0573      0.5533     30.8441      0.4273      54      0.9140
 1806     20.0573      3.5965     18.7018      0.0681      52      0.9070
 1807     19.9189      4.1498     26.6571      0.3826      56      0.9183
 1808     20.6106      4.0115     18.0040      0.5344      52      0.9144
 1809     19.9189     12.8643     27.0758      0.2935      64      0.9218
 1810     19.9189     12.8643     27.4945      0.1905      64      0.9119
 1811     20.0573     16.1841     30.7045      1.4317      70      0.9057
 1812     20.1956     17.1524     30.5650      1.2425      70      0.9155
 1813     20.1956     16.7374     31.8210      0.2017      70      0.9190
 1814     19.9189     20.3339     27.9132      0.0827      72      0.9107
 1815     19.9189     20.7489     26.6571      0.3827      72      0.9230
 1816     19.9189     20.3339     26.6571      0.0635      72      0.9241
 1817     19.9189     21.1639     27.0758      0.2521      72      0.9140
 1818     19.9189     21.1639     27.4945      0.2530      72      0.9095
 1819     21.1639     21.0256     31.8210      1.3441     144      0.5068
 1820     20.1956      0.5533     22.6097      1.7227      50      0.8964
 1821     20.1956     24.6220     23.7262      0.8755      50      0.9186
 1822     20.0573      0.5533     23.3075      0.3499      50      0.9232
 1823     20.1956      0.4150     31.6815      1.1343      54      0.9119
 1824     20.1956      0.2767     23.7262      0.3721      50      0.9187
 1825     20.1956      0.1383     31.8210      0.3988      54      0.9287
 1826     20.0573      3.8731     19.3997      0.3625      52      0.8985
 1827     20.4722      4.5648     23.1680      1.0780     124      0.5132
 1828     20.0573      4.4264     19.3997      0.2095      52      0.8985
 1829     21.3022      7.7463     27.0758      3.7212     134      0.5217
 1830     20.1956      7.7463     22.6097      1.3532      58      0.8964
 1831     20.1956      7.6079     23.3075      0.3881      58      0.9232
 1832     20.1956      8.0229     23.7262      0.8598      58      0.9187
 1833     20.6106      8.4379     27.0758      1.0689     134      0.4964
 1834     20.0573      7.8846     30.7045      0.9948      62      0.9106
 1835     20.1956      8.8529     22.6097      1.7229      58      0.8964
 1836     20.3339      8.8529     31.6815      0.6793      62      0.9216
 1837     20.0573      8.1612     22.4701      0.2127      58      0.9112
 1838     20.3339      7.7463     31.6815      0.4813      62      0.9210
 1839     20.0573      8.8529     23.3075      0.3515      58      0.9232
 1840     20.0573      8.7145     30.7045      0.6039      62      0.9110
 1841     20.1956      8.5762     23.7262      0.6250      58      0.9187
 1842     20.3339      8.5762     18.8414      1.0298     130      0.5018
 1843     20.3339      8.9912     30.7045      0.8178      62      0.9044
 1844     20.0573     12.1727     19.3997      0.3623      60      0.8985
 1845     20.3339     12.1727     23.0284      1.4360     132      0.4990
 1846     20.4722     12.8643     23.1680      1.0763     132      0.5132
 1847     20.0573     12.7260     19.3997      0.2100      60      0.8985
 1848     20.6106     12.3110     18.0040      0.5338      60      0.9144
 1849     20.1956     16.0458     22.6097      1.6661      66      0.8964
 1850     20.1956     15.9075     23.3075      0.3980      66      0.9232
 1851     20.1956     16.3225     23.7262      0.8892      66      0.9186
 1852     20.1956     17.1524     22.6097      1.7237      66      0.8964
 1853     20.4722     16.1841     31.8210      0.5525      70      0.9021
 1854     20.0573     17.1524     23.3075      0.3504      66      0.9232
 1855     20.3339     17.0141     31.8210      0.9929      70      0.9192
 1856     20.1956     16.8758     23.7262      0.3714      66      0.9187
 1857     20.7489     16.5991     27.6341      0.3104     142      0.5129
 1858     20.0573     20.4722     19.3997      0.3623      68      0.8985
 1859     20.3339     20.4722     23.0284      1.4435     140      0.4990
 1860     20.0573     21.0256     19.3997      0.2097      68      0.8985
 1861     20.4722     21.1639     23.1680      1.0754     140      0.5132
 1862     20.1956     24.3454     22.6097      1.5721      50      0.8964
 1863     20.6106      0.1383     27.0758      1.6465     126      0.5067
 1864     21.3022     24.3454     27.0758      3.9583     126      0.5080
 1865     20.0573     24.3454     30.8441      0.3267      54      0.9080
 1866     20.1956     24.2071     23.3075      0.4093      50      0.9232
 1867     20.1956      0.0000     18.8414      0.4860     122      0.5561
 1868     20.4722     24.4837     18.8414      1.0687     122      0.5018
 1869     21.3022     24.3454     30.5650      1.0149      54      0.9405
 1870     20.7489      0.0000     26.7967      0.3853     126      0.5068
 1871     20.7489      0.5533     18.8414      0.9353     122      0.5562
 1872     20.4722      0.4150     18.8414      0.4642     122      0.5019
 1873     20.7489      3.5965     31.6815      0.4014     128      0.5410
 1874     20.4722      3.4582     19.3997      0.3625      52      0.8985
 1875     20.4722      0.6916     30.5650      0.2411      54      0.9084
 1876     20.1956      3.5965     19.3997      0.3433      52      0.9299
 1877     20.3339      3.8731     23.0284      1.4376     124      0.4991
 1878     20.0573      4.1498     19.5392      0.2027      52      0.9436
 1879     20.1956      4.1498     23.0284      0.3103     124      0.5536
 1880     20.1956      4.7031     19.3997      0.3418      52      0.9299
 1881     21.1639      4.4264     26.7967      0.4694      56      0.9339
 1882     20.4722      4.8414     19.3997      0.2830      52      0.8985
 1883     20.3339      7.6079     30.7045      0.8934      62      0.9036
 1884     20.4722      7.8846     18.8414      1.0685     130      0.5018
 1885     21.1639      8.0229     18.8414      1.9775     130      0.5019
 1886     20.1956      8.2996     18.8414      0.9468     130      0.5561
 1887     20.7489      8.2996     26.7967      0.6831     134      0.5043
 1888     20.7489      8.2996     27.6341      0.4373     134      0.5044
 1889     20.3339     11.6194     27.9132      0.1802      64      0.9027
 1890     20.1956      8.9912     31.2628      0.0645      62      0.9169
 1891     20.4722     11.7577     19.3997      0.3627      60      0.8985
 1892     20.1956     11.8960     19.3997      0.3434      60      0.9299
 1893     20.1956     12.4493     23.0284      0.3130     132      0.5536
 1894     20.0573     12.4493     19.5392      0.2019      60      0.9436
 1895     21.1639     12.7260     26.7967      0.9566      64      0.9216
 1896     20.1956     13.0026     19.3997      0.3420      60      0.9299
 1897     20.4722     13.1410     19.3997      0.3560      60      0.8985
 1898     21.3022     16.0458     27.0758      3.9001     142      0.5085
 1899     20.6106     15.7692     30.8441      0.1624      70      0.9108
 1900     20.4722     16.1841     18.8414      1.0619     138      0.5018
 1901     20.1956     16.5991     18.8414      0.9481     138      0.5561
 1902     20.7489     16.1841     27.6341      0.1761     142      0.5113
 1903     20.7489     16.5991     26.7967      0.8862     142      0.5090
 1904     20.6106     16.7374     27.0758      1.0248     142      0.5074
 1905     20.3339     16.8758     18.8414      0.5923     138      0.5018
 1906     21.3022     16.0458     30.7045      2.0062      70      0.9006
 1907     20.1956     17.2907     31.4023      0.1275      70      0.9078
 1908     20.4722     20.0573     19.3997      0.3623      68      0.8985
 1909     21.0256     17.1524     23.7262      0.8769      66      0.9187
 1910     20.1956     20.1956     19.3997      0.3434      68      0.9299
 1911     21.1639     20.4722     31.8210      1.1069     144      0.5084
 1912     20.0573     20.7489     19.5392      0.2028      68      0.9436
 1913     20.1956     20.7489     23.0284      0.3072     140      0.5536
 1914     20.6106     20.6106     18.0040      0.5362      68      0.9144
 1915     20.1956     21.3022     19.3997      0.3419      68      0.9299
 1916     20.3339     21.1639     26.6571      0.4451      72      0.9163
 1917     20.4722     21.4405     19.3997      0.3557      68      0.8985
 1918     20.4722     24.2071     30.5650      0.1585      54      0.9009
 1919     20.7489     24.4837     27.6341      0.1880     126      0.5099
 1920     20.7489      0.0000     27.6341      0.3049     126      0.5152
 1921     20.1956      3.4582     18.7018      0.0542      52      0.9070
 1922     20.4722      0.5533     23.7262      0.2256      50      0.9187
 1923     20.3339      3.3198     27.9132      0.1276      56      0.8998
 1924     20.1956      8.2996     31.8210      0.2387      62      0.9315
 1925     20.6106      8.4379     27.3549      0.1450     134      0.4965
 1926     20.7489      8.8529     18.8414      0.4733     130      0.5561
 1927     20.3339     13.0026     18.2831      0.2196      60      0.9249
 1928     21.0256     16.1841     18.8414      1.0211     138      0.5019
 1929     20.1956     20.0573     18.7018      0.0528      68      0.9070
 1930     20.7489     17.1524     18.8414      0.4725     138      0.5561
 1931     20.7489     17.5674     30.9837      0.2756      70      0.9366
 1932     20.7489     20.1956     31.6815      0.3252     144      0.5549
 1933     20.3339     19.9189     27.9132      0.1624      72      0.9062
 1934     20.7489     21.3022     31.6815      0.3233     144      0.5520
 1935     21.0256     24.4837     18.8414      1.0599     122      0.5018
 1936     21.1639      3.8731     31.8210      1.1309     128      0.5048
 1937     21.1639      4.4264     23.1680      1.5952     124      0.5132
 1938     20.3339      4.5648     26.6571      0.3342      56      0.9172
 1939     21.3022      4.7031     19.3997      1.1914      52      0.9299
 1940     20.7489      7.7463     31.8210      0.5777      62      0.9178
 1941     21.3022      7.8846     22.4701      1.0241      58      0.9007
 1942     21.0256      8.9912     30.5650      0.3885      62      0.9045
 1943     21.0256     21.1639     23.1680      1.5971     140      0.5132
 1944     20.3339      3.3198     26.6571      0.0729      56      0.9194
 1945     21.1639     12.7260     23.1680      1.5954     132      0.5132
 1946     20.7489     15.7692     31.4023      0.1375      70      0.9225
 1947     21.3022     16.1841     22.4701      1.0192      66      0.9007
 1948     20.4722     17.1524     23.7262      0.2249      66      0.9187
 1949     20.3339     19.9189     26.6571      0.1290      72      0.9197
 1950     21.1639     24.3454     22.4701      1.0212      50      0.9006
 1951     21.0256      3.3198     27.7736      1.6685      56      0.9210
 1952     21.1639      4.4264     27.7736      2.0488      56      0.9189
 1953     20.7489     11.6194     26.6571      0.2532      64      0.9225
 1954     21.1639     21.0256     26.7967      1.0633      72      0.9233
 1955     20.7489     24.3454     31.8210      0.4225      54      0.9197
 1956     21.0256      0.5533     23.7262      0.8766      50      0.9187
 1957     21.1639      3.8731     23.1680      1.0774     124      0.5132
 1958     20.7489      4.7031     23.0284      0.3078     124      0.5536
 1959     20.8872      7.6079     22.4701      0.2262      58      0.9112
 1960     20.7489      8.8529     31.8210      0.4401      62      0.9185
 1961     20.7489     11.8960     18.1436      0.2405      60      0.9350
 1962     20.7489     13.0026     23.0284      0.3073     132      0.5536
 1963     20.4722     16.7374     31.9606      0.1180      70      0.9181
 1964     21.0256     20.0573     27.9132      1.5359      72      0.9174
 1965     21.1639     20.4722     23.1680      1.0756     140      0.5132
 1966     20.7489     21.3022     23.0284      0.3079     140      0.5537
 1967     20.8872     24.2071     22.4701      0.2258      50      0.9112
 1968     20.7489      3.5965     18.1436      0.2391      52      0.9350
 1969     20.7489      3.3198     26.6571      0.3344      56      0.9191
 1970     20.7489      3.4582     19.5392      0.2028      52      0.9437
 1971     20.7489      3.5965     23.0284      0.3081     124      0.5536
 1972     21.1639      4.4264     31.8210      1.2892     128      0.5187
 1973     20.7489      4.8414     19.5392      0.2032      52      0.9437
 1974     20.8872      8.0229     31.9606      0.3096      62      0.9219
 1975     20.4722      8.2996     31.9606      0.1296      62      0.9218
 1976     20.7489      8.5762     31.9606      0.2379      62      0.9152
 1977     21.1639     11.7577     26.7967      0.9512      64      0.9275
 1978     20.7489     11.7577     19.5392      0.2027      60      0.9436
 1979     20.7489     11.8960     23.0284      0.3064     132      0.5536
 1980     21.1639     12.0344     26.6571      0.5386      64      0.9098
 1981     20.7489     13.1410     19.5392      0.2034      60      0.9437
 1982     20.7489     16.0458     31.8210      0.2611      70      0.9411
 1983     20.7489     16.3225     31.9606      0.2290      70      0.9269
 1984     20.6106     16.8758     31.9606      0.1051      70      0.9136
 1985     20.7489     20.0573     19.5392      0.2027      68      0.9436
 1986     20.7489     20.1956     23.0284      0.3073     140      0.5536
 1987     20.7489     20.7489     23.5867      0.1965     140      0.5396
 1988     20.7489     21.4405     19.5392      0.2029      68      0.9437
 1989     21.1639     21.0256     27.7736      1.5974      72      0.9128
 1990     20.7489     24.6220     31.9606      0.2101      54      0.9190
 1991     20.7489      0.2767     31.9606      0.1113      54      0.9219
 1992     21.3022      0.5533     22.6097      1.5712      50      0.8965
 1993     21.1639      0.6916     30.7045      1.5478      54      0.8986
 1994     21.1639      3.4582     26.7967      0.5791      56      0.9356
 1995     20.7489      4.7031     18.1436      0.2382      52      0.9350
 1996     21.3022      8.8529     22.6097      1.2853      58      0.8964
 1997     21.0256     11.7577     27.9132      1.4799      64      0.9059
 1998     21.3022     13.0026     19.3997      1.1242      60      0.9299
 1999     21.3022     12.4493     31.8210      3.0003     136      0.5159
 2000     20.7489     13.0026     18.1436      0.2382      60      0.9350
 2001     21.3022     17.1524     22.6097      1.2901      66      0.8965
 2002     21.1639     20.0573     26.7967      1.5559      72      0.9259
 2003     21.3022     21.3022     19.3997      0.7045      68      0.9299
 2004     20.7489     21.3022     18.1436      0.2375      68      0.9350
 2005     21.1639     24.3454     31.6815      0.5157      54      0.9157
 2006     20.7489      4.1498     23.5867      0.1957     124      0.5396
 2007     21.3022      7.7463     30.5650      0.6584      62      0.9283
 2008     21.1639     12.1727     23.1680      1.0810     132      0.5132
 2009     20.7489     12.4493     23.5867      0.1956     132      0.5396
 2010     21.1639     12.8643     27.6341      1.7120      64      0.9207
 2011     20.7489     20.1956     18.1436      0.2377      68      0.9350
 2012     20.7489     17.2907     30.4254      0.2169      70      0.9315
 2013     21.1639      8.5762     18.8414      1.0871     130      0.5019
 2014     21.1639     16.8758     18.8414      1.0894     138      0.5019
 2015     20.7489      0.0000     24.0054      0.1786      50      0.9583
 2016     21.1639      0.2767     18.8414      1.0870     122      0.5019
 2017     20.6106      4.0115     27.3549      0.1788      56      0.1111
 2018     20.7489      8.2996     24.0054      0.1784      58      0.9583
 2019     21.3022      8.5762     23.7262      0.8245      58      0.9187
 2020     20.6106     12.3110     27.3549      0.1749      64      0.0924
 2021     20.7489     16.5991     24.0054      0.1785      66      0.9583
 2022     20.6106     20.6106     27.3549      0.1740      72      0.1061
 2023     21.0256      0.0000     31.9606      0.1797      54      0.9230
 2024     20.7489      0.0000     23.0284      0.1822      50      0.0186
 2025     20.7489      0.0000     31.1232      0.1811      54      0.0416
 2026     20.7489      4.1498     18.8414      0.1753      52      0.0559
 2027     21.3022      8.0229     23.7262      0.7905      58      0.9187
 2028     21.1639      4.7031     18.2831      0.6907      52      0.9249
 2029     20.7489      8.2996     23.0284      0.1822      58      0.0186
 2030     20.7489      8.2996     31.1232      0.1802      62      0.0411
 2031     20.7489     12.4493     18.8414      0.1744      60      0.0559
 2032     20.7489     12.8643     26.6571      0.1504      64      0.9149
 2033     21.3022     13.0026     18.4227      0.6929      60      0.9152
 2034     21.3022     16.3225     23.7262      0.7131      66      0.9187
 2035     20.7489     16.5991     23.0284      0.1822      66      0.0186
 2036     20.7489     16.5991     31.1232      0.1793      70      0.0516
 2037     20.7489     20.7489     18.8414      0.1753      68      0.0559
 2038     20.7489     21.1639     26.6571      0.1792      72      0.9106
 2039     21.0256     24.2071     30.5650      0.4137      54      0.9061
 2040     21.0256     24.3454     23.7262      0.3461      50      0.9187
 2041     21.3022     21.1639     18.2831      0.6915      68      0.9250
 2042     21.1639      3.5965     18.2831      0.6193      52      0.9249
 2043     21.0256      7.6079     30.5650      0.2069      62      0.9037
 2044     21.1639     11.8960     18.2831      0.6223      60      0.9249
 2045     21.1639     16.3225     18.8414      0.9632     138      0.5019
 2046     21.1639     20.1956     18.2831      0.6185      68      0.9249
 2047     20.7489      4.5648     26.6571      0.1453      56      0.9169
 2048     20.8872      4.2881     18.0040      0.0847      52      0.9144
 2049     20.8872     20.8872     18.0040      0.0838      68      0.9144
 2050     21.1639     24.6220     18.8414      0.9173     122      0.5019
 2051     21.1639      3.3198     27.0758      0.2521      56      0.9089
 2052     21.1639      3.7348     26.6571      0.3497      56      0.9181
 2053     21.1639      4.5648     27.0758      0.2055      56      0.9067
 2054     20.8872     12.5877     18.0040      0.0821      60      0.9144
 2055     21.4405     24.7604     22.4701      0.2267      50      0.9112
 2056     21.1639      0.2767     31.8210      0.7005      54      0.8964
 2057     21.4405      0.5533     23.3075      0.4092      50      0.9233
 2058     21.0256      3.4582     19.3997      0.2097      52      0.8985
 2059     21.3022      3.4582     19.1205      0.4633      52      0.9134
 2060     21.3022      3.5965     19.3997      0.3417      52      0.9299
 2061     21.1639      4.1498     26.6571      0.1467      56      0.9173
 2062     21.3022      4.1498     23.0284      0.3082     124      0.5537
 2063     21.3022      4.1498     31.6815      0.5494     128      0.5394
 2064     21.3022      4.8414     19.1205      0.3830      52      0.9135
 2065     21.4405      7.7463     30.8441      0.6081      62      0.9019
 2066     21.3022      7.6079     23.3075      0.4118      58      0.9232
 2067     21.1639      7.8846     31.8210      0.4617      62      0.9286
 2068     21.4405      8.1612     22.4701      0.2296      58      0.9112
 2069     21.1639      8.7145     31.8210      0.4792      62      0.9291
 2070     21.4405      8.8529     23.3075      0.3965      58      0.9233
 2071     21.3022      8.8529     30.5650      0.5047      62      0.9289
 2072     21.3022      8.9912     30.8441      0.4988      62      0.9060
 2073     21.0256     11.7577     19.3997      0.2098      60      0.8985
 2074     21.3022     11.7577     19.1205      0.4622      60      0.9134
 2075     21.3022     11.8960     19.3997      0.3419      60      0.9299
 2076     21.1639     12.4493     26.6571      0.2527      64      0.9072
 2077     21.3022     12.4493     23.0284      0.3089     132      0.5537
 2078     21.3022     13.1410     19.1205      0.3850      60      0.9135
 2079     21.0256     16.1841     31.8210      0.5529      70      0.9066
 2080     20.8872     15.9075     22.4701      0.1292      66      0.9112
 2081     21.4405     16.0458     23.3075      0.4146      66      0.9232
 2082     21.0256     16.5991     31.9606      0.2175      70      0.9179
 2083     21.4405     16.4608     22.4701      0.2266      66      0.9112
 2084     21.3022     17.1524     30.5650      1.1991      70      0.9245
 2085     20.8872     17.1524     31.8210      0.1513      70      0.9076
 2086     21.4405     17.1524     23.3075      0.4081      66      0.9233
 2087     21.1639     17.0141     31.8210      0.5034      70      0.9260
 2088     21.3022     16.5991     31.8210      0.3565      70      0.9232
 2089     21.0256     20.0573     19.3997      0.2098      68      0.8985
 2090     21.3022     20.0573     19.1205      0.4655      68      0.9134
 2091     21.3022     20.1956     19.3997      0.3417      68      0.9299
 2092     21.1639     20.7489     26.6571      0.1760      72      0.9061
 2093     21.3022     20.7489     23.0284      0.3078     140      0.5537
 2094     21.3022     20.7489     31.6815      0.7300     144      0.5404
 2095     21.0256     21.4405     19.3997      0.2104      68      0.8985
 2096     21.4405     21.3022     19.1205      0.3852      68      0.9135
 2097     21.3022     24.2071     23.3075      0.4140      50      0.9232
 2098     21.3022     24.2071     30.8441      0.4473      54      0.9188
 2099     21.3022     24.3454     23.5867      0.0805      50      0.9505
 2100     21.1639      0.0000     26.7967      0.1891     126      0.5130
 2101     21.3022      0.0000     31.8210      0.3695      54      0.9277
 2102     21.4405      0.5533     31.2628      0.1023      54      0.9133
 2103     21.4405      3.5965     18.7018      0.1215      52      0.9070
 2104     21.3022      4.1498     18.1436      0.2378      52      0.9350
 2105     21.4405      4.1498     19.5392      0.2027      52      0.9437
 2106     21.3022      4.8414     18.7018      0.2019      52      0.9070
 2107     21.3022      8.1612     31.8210      0.1657      62      0.9150
 2108     21.4405      8.2996     30.4254      0.1661      62      0.9423
 2109     21.4405      8.4379     22.4701      0.2808      58      0.9112
 2110     21.3022      8.4379     31.8210      0.2818      62      0.9152
 2111     21.3022     11.7577     18.7018      0.1217      60      0.9070
 2112     21.3022     12.4493     18.1436      0.2376      60      0.9350
 2113     21.4405     12.4493     19.5392      0.2033      60      0.9437
 2114     21.3022     13.1410     18.7018      0.2019      60      0.9071
 2115     21.1639     16.5991     26.7967      0.1884     142      0.5113
 2116     21.1639     16.5991     27.6341      0.1772     142      0.5151
 2117     21.4405     16.7374     22.4701      0.2796      66      0.9112
 2118     21.4405     20.1956     18.7018      0.1217      68      0.9070
 2119     21.3022     20.7489     18.1436      0.2377      68      0.9350
 2120     21.4405     20.7489     19.5392      0.2029      68      0.9437
 2121     21.3022     21.4405     18.7018      0.2016      68      0.9071
 2122     21.3022     24.2071     31.2628      0.1060      54      0.9053
 2123     21.3022     24.6220     23.7262      0.2861      50      0.9187
 2124     21.4405      3.8731     19.3997      0.3560      52      0.8985
 2125     21.4405      8.0229     27.2154      0.6171     134      0.5133
 2126     21.4405     12.1727     19.3997      0.3561      60      0.8985
 2127     21.4405     16.8758     30.5650      0.0808      70      0.9056
 2128     21.4405     20.4722     19.3997      0.3560      68      0.8985
 2129     21.4405     21.0256     19.3997      0.2104      68      0.8985
 2130     21.7172      8.2996     30.9837      0.1991      62      0.9517
 2131     24.3454     16.5991     18.1436      0.2377      17      0.9350
 2132     24.3454      7.6079     19.1205      0.3835       9      0.9134
 2133     24.3454      8.2996     18.1436      0.2370       9      0.9350
 2134     24.3454      0.0000     18.1436      0.2374       1      0.9350
 2135     24.3454      0.6916     19.1205      0.4662       1      0.9134
 2136     24.3454      0.0000     31.6815      0.4637      79      0.5353
 2137     24.3454     16.5991     31.6815      0.4206      95      0.5417
 2138     24.3454     24.2071     19.1205      0.3829       1      0.9134
 2139     24.3454      4.0115     31.8210      0.7897       7      0.9229
 2140     24.3454      7.6079     18.7018      0.2034       9      0.9070
 2141     24.3454      8.9912     18.7018      0.1218       9      0.9070
 2142     24.3454      8.9912     19.1205      0.4660       9      0.9134
 2143     24.3454     15.9075     19.1205      0.3833      17      0.9134
 2144     24.3454     17.2907     19.1205      0.4635      17      0.9134
 2145     24.2071      0.5533     18.7018      0.1220       1      0.9070
 2146     24.2071     11.8960     31.4023      0.2488      15      0.9067
 2147     24.3454     11.8960     30.5650      1.2153      15      0.9156
 2148     24.2071     12.7260     27.2154      0.7959      85      0.5158
 2149     24.3454     20.0573     30.8441      0.5060      23      0.9055
 2150     24.2071     20.4722     30.5650      0.2328      23      0.9059
 2151     24.6220     21.1639     31.8210      0.6703      23      0.9027
 2152     24.2071      0.2767     19.3997      0.3559       1      0.8985
 2153     24.2071      3.5965     23.3075      0.4073       3      0.9232
 2154     24.4837      4.1498     27.6341      0.0919      77      0.5040
 2155     24.2071      4.0115     22.4701      0.3780       3      0.9112
 2156     24.2071      4.7031     23.3075      0.4127       3      0.9232
 2157     24.2071      8.5762     19.3997      0.3559       9      0.8985
 2158     24.2071     11.8960     23.3075      0.4104      11      0.9232
 2159     24.4837     12.4493     27.6341      0.0923      85      0.5116
 2160     24.2071     12.3110     22.4701      0.2806      11      0.9112
 2161     24.2071     13.0026     23.3075      0.2080      11      0.9232
 2162     24.3454     15.9075     18.7018      0.2016      17      0.9070
 2163     24.2071     16.8758     19.3997      0.3557      17      0.8985
 2164     24.2071     17.1524     18.7018      0.1217      17      0.9070
 2165     24.3454     20.3339     31.6815      0.5500      23      0.9092
 2166     24.2071     20.1956     23.3075      0.4099      19      0.9232
 2167     24.3454     20.7489     31.8210      0.3572      23      0.9265
 2168     24.3454     21.0256     23.7262      0.3455      19      0.9187
 2169     24.2071     21.3022     23.3075      0.2250      19      0.9232
 2170     24.2071     20.8872     22.4701      0.1294      19      0.9112
 2171     24.3454     24.2071     18.7018      0.2018       1      0.9070
 2172     24.2071     24.6220     19.3997      0.2103       1      0.8985
 2173     24.2071      0.0000     19.5392      0.2026       1      0.9436
 2174     24.3454      0.0000     23.0284      0.3080      75      0.5536
 2175     24.3454      0.5533     19.3997      0.3419       1      0.9299
 2176     24.6220      0.6916     19.3997      0.2097       1      0.8985
 2177     24.4837      4.1498     26.7967      0.0930      77      0.5025
 2178     24.3454      4.7031     31.4023      0.0667       7      0.8924
 2179     24.7604      4.8414     22.4701      0.1285       3      0.9112
 2180     24.2071      8.2996     19.5392      0.2032       9      0.9436
 2181     24.3454      8.2996     23.0284      0.3099      83      0.5536
 2182     24.7604      8.1612     18.0040      0.0828       9      0.9144
 2183     24.4837      8.2996     26.6571      0.2562      13      0.9033
 2184     24.3454      8.8529     19.3997      0.3420       9      0.9299
 2185     24.6220      8.9912     19.3997      0.2095       9      0.8985
 2186     24.7604     11.8960     31.8210      0.1728      15      0.9044
 2187     24.3454     12.3110     31.8210      0.2022      15      0.9096
 2188     24.3454     12.5877     31.8210      0.2972      15      0.9187
 2189     24.3454     13.1410     23.3075      0.2031      11      0.9232
 2190     24.4837     13.1410     30.7045      0.3107      15      0.9104
 2191     24.2071     16.5991     19.5392      0.2027      17      0.9436
 2192     24.3454     16.5991     23.0284      0.3077      91      0.5536
 2193     24.3454     17.1524     19.3997      0.3417      17      0.9299
 2194     24.4837     17.4291     27.0758      0.1581      21      0.9221
 2195     24.6220     17.2907     19.3997      0.2098      17      0.8985
 2196     24.4837     20.7489     27.6341      0.1808      93      0.5120
 2197     24.3454     21.3022     23.5867      0.0805      19      0.9505
 2198     24.7604     21.4405     22.4701      0.1290      19      0.9112
 2199     24.3454     21.4405     23.3075      0.1889      19      0.9232
 2200     24.4837     16.5991     26.6571      0.1034      21      0.9098
 2201     24.7604     12.1727     31.9606      0.1023      15      0.9098
  -------------------------------------------------------------------------
