    #         X           Y           Z        CHARGE     ATOM    DISTANCE
  -------------------------------------------------------------------------
    1     24.7604      0.1383     18.0040      0.5364       1      0.9144
    2     24.3454      0.4150     18.2831      0.5670       1      0.9249
    3      0.0000      0.0000     18.8414      0.1743       1      0.0559
    4      0.5533     24.3454     19.3997      0.7053       1      0.9299
    5     24.4837      0.2767     23.0284      1.2390      75      0.4991
    6      0.0000      0.0000     23.5867      0.2108      75      0.5396
    7      0.2767     24.4837     26.7967      0.6330       5      0.9448
    8     24.7604      0.1383     27.3549      0.1787       5      0.0798
    9      0.4150     24.7604     27.9132      0.2600       5      0.8978
   10      0.1383     24.4837     27.9132      0.3181       5      0.8966
   11     24.4837      0.2767     31.8210      1.8558      79      0.5265
   12      0.0000      0.0000     32.2397      0.1788      79      0.5392
   13      0.0000      0.5533     23.0284      0.3068      75      0.5537
   14      0.4150      0.2767     23.1680      1.0803      75      0.5133
   15      0.4150      0.2767     26.6571      0.4271       5      0.9238
   16      0.4150      0.1383     28.0528      0.2776       5      0.9370
   17      0.4150      0.2767     31.8210      1.3051      79      0.5130
   18      0.0000      0.5533     18.1436      0.2382       1      0.9350
   19      0.0000      0.6916     19.5392      0.2018       1      0.9437
   20      0.2767      0.5533     26.6571      1.3660       5      0.9092
   21      0.2767      0.6916     27.9132      1.2783       5      0.8924
   22     24.6220      0.6916     19.3997      0.3635       1      0.8985
   23      0.4150      0.5533     18.2831      0.6192       1      0.9250
   24     24.7604      0.8300     26.6571      0.2102       5      0.9396
   25      0.2767      4.8414     27.2154      2.1848      77      0.5065
   26     24.6220      3.4582     30.5650      0.3158       7      0.9023
   27      0.5533      3.4582     30.7045      1.2805       7      0.9271
   28     24.3454      3.5965     22.6097      1.7232       3      0.8964
   29      0.2767      3.5965     23.7262      0.3352       3      0.9187
   30      0.0000      3.4582     30.4254      0.1950       7      0.9443
   31      0.4150      3.8731     18.8414      1.0675      73      0.5019
   32      0.0000      3.5965     18.8414      0.4852      73      0.5561
   33     24.6220      3.7348     18.8414      1.0287      73      0.5018
   34      0.0000      4.1498     26.7967      0.9444      77      0.4983
   35     24.4837      3.7348     31.8210      0.9556       7      0.9195
   36      0.5533      3.5965     22.6097      1.2914       3      0.8964
   37      0.0000      3.8731     27.0758      1.3002      77      0.5235
   38     24.3454      3.8731     23.7262      0.7004       3      0.9187
   39     24.3454      4.1498     18.8414      0.9464      73      0.5561
   40      0.0000      4.1498     24.0054      0.1784       3      0.9583
   41      0.0000      4.1498     23.0284      0.1822       3      0.0186
   42      0.4150      4.7031     26.9362      1.2887      77      0.5197
   43      0.6916      4.5648     30.7045      2.1076       7      0.8989
   44      0.0000      4.1498     31.1232      0.1783       7      0.0535
   45      0.6916      4.2881     22.4701      0.2343       3      0.9112
   46      0.4150      4.4264     18.8414      0.9712      73      0.5019
   47      0.5533      4.5648     22.4701      1.0199       3      0.9007
   48      0.1383      4.4264     31.9606      0.9350       7      0.9150
   49      0.2767      4.5648     18.8414      1.0258      73      0.5019
   50     24.6220      4.5648     18.8414      1.0598      73      0.5018
   51      0.1383      4.8414     22.4701      0.2190       3      0.9112
   52     24.3454      4.4264     23.7262      0.9558       3      0.9187
   53      0.0000      4.7031     31.8210      0.2636       7      0.9279
   54     24.7604      4.8414     22.4701      0.2802       3      0.9112
   55      0.5533      4.4264     23.7262      0.7543       3      0.9187
   56      0.1383      4.8414     30.5650      0.2047       7      0.9191
   57      0.0000      4.9797     31.4023      0.1973       7      0.9196
   58     24.3454      4.7031     22.6097      1.0784       3      0.8964
   59     24.3454      4.7031     30.7045      1.2016       7      0.9267
   60      0.0000      7.7463     18.1436      0.2387       9      0.9350
   61      0.4150      7.7463     18.2831      0.6935       9      0.9249
   62      0.0000      7.7463     31.6815      0.4486      87      0.5303
   63      0.4150      8.0229     31.8210      1.3484      87      0.5009
   64     24.6220      7.6079     19.3997      0.3566       9      0.8985
   65      0.0000      7.6079     19.5392      0.2032       9      0.9436
   66      0.4150      8.0229     23.1680      1.5983      83      0.5132
   67      0.0000      7.7463     23.0284      0.3066      83      0.5536
   68      0.2767      7.8846     26.7967      0.7258      13      0.9437
   69      0.4150      8.0229     27.7736      1.9681      13      0.8993
   70     24.4837      7.8846     26.6571      0.3398      13      0.9291
   71     24.4837      8.0229     31.6815      1.3836      87      0.5023
   72     24.7604      8.4379     18.0040      0.4760       9      0.9144
   73     24.4837      7.7463     18.2831      0.5565       9      0.9249
   74      0.0000      8.2996     23.5867      0.1997      83      0.5396
   75     24.4837      8.4379     31.8210      1.9410      87      0.4937
   76      0.5533      7.7463     19.3997      1.2691       9      0.9299
   77     24.4837      8.5762     23.0284      1.5612      83      0.4991
   78      0.0000      7.8846     26.6571      0.0608      13      0.9305
   79      0.0000      8.2996     18.8414      0.1744       9      0.0559
   80      0.4150      7.8846     27.0758      0.3055      13      0.9082
   81     24.6220      8.4379     27.3549      0.1806      13      0.0893
   82     24.3454      8.7145     18.2831      0.6298       9      0.9249
   83      0.0000      8.8529     23.0284      0.3052      83      0.5536
   84      0.4150      8.5762     23.1680      1.0847      83      0.5132
   85      0.4150      8.5762     26.6571      0.4550      13      0.9222
   86      0.0000      8.8529     18.1436      0.2392       9      0.9350
   87      0.0000      8.9912     19.5392      0.2032       9      0.9437
   88      0.2767      8.8529     26.6571      1.2781      13      0.9053
   89      0.2767      8.9912     27.9132      1.3016      13      0.9094
   90     24.6220      8.9912     19.3997      0.3598       9      0.8985
   91      0.4150      8.8529     18.2831      0.6242       9      0.9250
   92      0.4150      8.5762     31.8210      0.9892      87      0.5270
   93     24.7604     11.7577     30.4254      0.8384      15      0.9174
   94     24.3454     11.8960     22.6097      1.7133      11      0.8964
   95      0.5533     12.1727     23.7262      0.8279      11      0.9187
   96      0.0000     11.8960     31.8210      0.4920      15      0.9224
   97      0.0000     11.8960     18.8414      0.4751      81      0.5561
   98     24.4837     12.1727     18.8414      1.4943      81      0.5018
   99      0.1383     12.3110     26.7967      0.1394      85      0.5135
  100      0.1383     12.1727     27.0758      0.6971      85      0.4963
  101     21.0256     15.3542     36.7059      1.6971     149      1.1718
  102      0.4150     12.1727     18.8414      1.0655      81      0.5019
  103      0.5533     11.8960     22.6097      1.2905      11      0.8964
  104      0.2767     13.0026     26.7967      1.7090      85      0.5180
  105      0.1383     12.4493     27.6341      0.7649      85      0.5086
  106     24.4837     11.8960     31.6815      0.8342      15      0.9198
  107      0.0000     12.5877     31.9606      0.4393      15      0.9252
  108     24.7604     12.8643     31.8210      1.1173      15      0.9076
  109     21.0256     12.5877     31.6815      2.7378     136      0.4991
  110     20.3339     15.9075     34.7519      1.2793     149      1.2499
  111     24.4837     11.7577     30.5650      0.9674      15      0.9223
  112      0.0000     12.4493     24.0054      0.1846      11      0.9583
  113      0.0000     12.4493     23.0284      0.1822      11      0.0186
  114     24.3454     13.0026     30.7045      1.3946      15      0.8981
  115      0.0000     12.4493     31.1232      0.1754      15      0.0843
  116      0.6916     12.3110     22.4701      0.3927      11      0.9112
  117     24.7604     12.3110     27.0758      0.4000      85      0.4882
  118      0.4150     12.7260     18.8414      1.9974      81      0.5019
  119      0.5533     12.5877     22.3306      0.1302      11      0.9158
  120      0.5533     12.8643     22.4701      1.0223      11      0.9007
  121      0.2767     13.1410     30.5650      0.3953      15      0.9178
  122     24.4837     12.7260     18.8414      1.1538      81      0.5018
  123     24.3454     13.0026     22.6097      1.6613      11      0.8964
  124     24.3454     12.7260     23.7262      0.9010      11      0.9187
  125     24.7604     12.5877     26.7967      0.3165      85      0.5058
  126      0.5533     12.7260     23.7262      0.5654      11      0.9187
  127      0.5533     13.0026     27.0758      1.8658      85      0.5092
  128      0.6916     13.0026     23.3075      0.5518      11      0.9233
  129      0.2767     13.1410     27.0758      0.7534      85      0.5012
  130      0.0000     16.0458     18.1436      0.2385      17      0.9350
  131     24.4837     16.0458     18.2831      0.6904      17      0.9249
  132     24.4837     16.4608     31.6815      3.6420      95      0.4974
  133     24.7604     16.4608     18.0040      0.2287      17      0.9144
  134      0.2767     15.9075     19.3997      0.3568      17      0.8985
  135      0.0000     15.9075     19.5392      0.2058      17      0.9436
  136      0.2767     16.1841     23.1680      1.5888      91      0.5132
  137      0.0000     16.0458     23.0284      0.3109      91      0.5536
  138      0.2767     16.1841     26.7967      0.4709      21      0.9359
  139      0.4150     16.1841     27.6341      1.4851      21      0.9210
  140     24.4837     16.1841     26.6571      0.3572      21      0.9225
  141     24.0687     16.3225     27.7736      1.8654      21      0.8982
  142      0.5533     16.4608     31.6815      2.9593      95      0.5167
  143      0.0000     16.8758     18.0040      0.3834      17      0.9351
  144      0.0000     16.5991     23.5867      0.1984      91      0.5396
  145     21.3022     16.0458     31.8210      0.7583      70      0.8961
  146      0.5533     16.0458     19.3997      0.7924      17      0.9299
  147     24.6220     17.0141     23.0284      1.0423      91      0.4991
  148      0.0000     16.1841     26.6571      0.0790      21      0.9225
  149      0.0000     16.5991     18.8414      0.1753      17      0.0559
  150     24.7604     16.7374     26.3780      0.2256      21      0.9491
  151     24.4837     17.1524     18.2831      0.6237      17      0.9249
  152      0.4150     16.1841     27.0758      0.2683      21      0.9016
  153     24.7604     16.7374     27.3549      0.1787      21      0.0911
  154      0.4150     16.8758     23.1680      1.2817      91      0.5132
  155      0.0000     17.1524     23.0284      0.3087      91      0.5536
  156      0.2767     17.1524     26.6571      1.2424      21      0.9006
  157      0.2767     17.4291     27.7736      1.0933      21      0.9212
  158      0.0000     17.1524     18.1436      0.2408      17      0.9350
  159      0.0000     17.2907     19.5392      0.2037      17      0.9437
  160      0.2767     17.2907     19.3997      0.3582      17      0.8985
  161      0.4150     17.4291     27.0758      0.3670      21      0.9274
  162      0.4150     17.4291     27.4945      0.4783      21      0.9100
  163      0.4150     20.0573     30.7045      1.6027      23      0.9068
  164      0.0000     19.7806     31.1232      0.1198      23      0.9630
  165     24.3454     20.1956     22.6097      1.7228      19      0.8964
  166      0.2767     20.1956     23.7262      0.8100      19      0.9187
  167      0.0000     20.7489     27.6341      0.6934      93      0.4986
  168      0.4150     20.4722     18.8414      1.0697      89      0.5019
  169      0.0000     20.1956     18.8414      0.9475      89      0.5561
  170     24.6220     20.3339     18.8414      0.4624      89      0.5018
  171      0.0000     20.7489     26.7967      0.4452      93      0.5008
  172     24.4837     20.3339     31.8210      1.3775      23      0.9137
  173      0.1383     20.0573     22.4701      0.2094      19      0.9112
  174     24.7604     20.6106     27.0758      1.5479      93      0.4891
  175     24.6220     20.1956     23.7262      0.5071      19      0.9186
  176      0.2767     20.6106     31.9606      0.1711      23      0.9171
  177     21.3022     17.1524     31.9606      1.1382      70      0.9036
  178      0.4150     21.3022     26.9362      2.9328      93      0.5069
  179      0.2767     21.1639     18.8414      1.9904      89      0.5019
  180      0.0000     20.7489     24.0054      0.1789      19      0.9583
  181      0.0000     20.7489     23.0284      0.1822      19      0.0186
  182      0.5533     21.3022     30.7045      2.0404      23      0.8971
  183      0.0000     20.7489     31.1232      0.1840      23      0.0306
  184      0.4150     21.3022     22.4701      1.0135      19      0.9007
  185     24.6220     21.1639     18.8414      1.0638      89      0.5019
  186      0.2767     20.8872     31.9606      0.2548      23      0.9188
  187     24.7604     21.0256     31.9606      0.1196      23      0.9091
  188      0.1383     21.4405     22.4701      0.2343      19      0.9112
  189     24.3454     21.0256     23.7262      0.8929      19      0.9187
  190      0.1383     21.3022     31.8210      0.1507      23      0.9233
  191      0.2767     21.3022     23.7262      0.4658      19      0.9187
  192      0.5533     21.3022     27.2154      0.7793      93      0.5098
  193     24.7604     21.4405     22.4701      0.2806      19      0.9112
  194      0.0000     21.1639     27.6341      0.0912      93      0.5079
  195     24.7604     21.3022     31.8210      0.2675      23      0.9163
  196     24.3454     21.3022     22.6097      1.0750      19      0.8964
  197      0.0000     24.3454     18.1436      0.2379       1      0.9350
  198      0.5533     24.3454     18.4227      0.6875       1      0.9151
  199      0.4150     24.6220     31.8210      2.0184      79      0.4997
  200     24.6220     24.2071     19.3997      0.3504       1      0.8985
  201      0.0000     24.2071     19.5392      0.2033       1      0.9436
  202      0.2767     24.4837     23.1680      1.5982      75      0.5132
  203      0.0000     24.3454     23.0284      0.3094      75      0.5536
  204      0.4150     24.4837     27.6341      0.7554       5      0.9089
  205     24.3454     24.6220     26.6571      1.2267       5      0.9056
  206     24.7604     24.4837     28.0528      0.2863       5      0.9346
  207     24.4837     24.6220     31.8210      1.2496      79      0.5135
  208      0.1383     24.7604     18.0040      0.0752       1      0.9144
  209      0.4150     24.4837     27.0758      0.2416       5      0.9025
  210     24.3454     24.3454     18.4227      0.6214       1      0.9151
  211      0.5533      0.0000     23.0284      0.3082      75      0.5537
  212      0.5533      0.5533     19.3997      0.3414       1      0.9299
  213      0.2767      0.6916     19.3997      0.2104       1      0.8986
  214      0.5533      0.6916     19.1205      0.4664       1      0.9135
  215      0.2767      3.5965     31.8210      0.2952       7      0.9106
  216      0.6916      3.5965     23.3075      0.4094       3      0.9233
  217      0.2767      3.8731     31.9606      0.0816       7      0.9168
  218      0.5533      3.8731     23.7262      0.4219       3      0.9187
  219      0.6916      3.4582     30.9837      0.1459       7      0.9355
  220      0.4150      4.5648     31.8210      0.5872       7      0.9285
  221      0.6916      4.7031     23.3075      0.4103       3      0.9233
  222      0.1383      8.1612     18.0040      0.1348       9      0.9144
  223      0.5533      7.6079     19.1205      0.3821       9      0.9134
  224      0.5533      8.2996     23.0284      0.3076      83      0.5537
  225      0.5533      8.2996     31.6815      0.4995      87      0.5367
  226      0.5533      8.8529     19.3997      0.3437       9      0.9299
  227      0.2767      8.9912     19.3997      0.2096       9      0.8985
  228      0.5533      8.9912     19.1205      0.4595       9      0.9135
  229      0.6916     11.8960     23.3075      0.4148      11      0.9232
  230      0.6916     11.8960     30.7045      0.7354      15      0.9123
  231      0.4150     11.8960     31.6815      0.5177      15      0.9004
  232      0.1383     12.8643     31.8210      0.7297      15      0.9011
  233      0.1383     13.1410     22.4701      0.1265      11      0.9112
  234      0.5533     13.0026     23.5867      0.0808      11      0.9506
  235      0.5533     13.0026     30.5650      1.5523      15      0.9361
  236      0.4150     16.0458     18.2831      0.6247      17      0.9249
  237      0.5533     15.9075     19.1205      0.3823      17      0.9134
  238      0.5533     16.5991     23.0284      0.3084      91      0.5537
  239      0.4150     17.1524     18.2831      0.5593      17      0.9250
  240      0.5533     17.1524     19.3997      0.3437      17      0.9299
  241      0.5533     17.2907     19.1205      0.4609      17      0.9135
  242      0.5533     20.1956     22.6097      1.0739      19      0.8964
  243      0.1383     20.1956     31.8210      0.1190      23      0.9164
  244      0.4150     20.3339     31.8210      0.4296      23      0.9346
  245      0.6916     20.1956     23.3075      0.3849      19      0.9232
  246      0.6916     20.8872     22.4701      0.2281      19      0.9113
  247      0.5533     20.7489     31.8210      0.3800      23      0.9200
  248      0.4150     21.1639     31.8210      0.5853      23      0.9397
  249      0.5533     21.4405     23.3075      0.4130      19      0.9233
  250      0.2767     24.2071     19.3997      0.2029       1      0.8985
  251      0.6916     24.3454     19.1205      0.3937       1      0.9134
  252      0.5533      0.0000     18.1436      0.2347       1      0.9350
  253      0.6916      0.0000     19.5392      0.2034       1      0.9437
  254      0.5533      0.6916     18.7018      0.1215       1      0.9071
  255      3.7348      3.5965     18.2831      0.5565       4      0.9249
  256      0.5533      3.5965     31.6815      0.3089       7      0.9286
  257      0.6916      4.0115     22.4701      0.2747       3      0.9112
  258      0.5533      3.8731     31.8210      0.2734       7      0.9136
  259      0.5533      4.7031     27.2154      0.7220      77      0.5251
  260      0.5533      7.6079     18.7018      0.2019       9      0.9070
  261      0.5533      8.2996     18.1436      0.2381       9      0.9350
  262      0.6916      8.2996     19.5392      0.2037       9      0.9437
  263      0.6916      8.8529     18.7018      0.1238       9      0.9071
  264      0.6916     11.7577     30.9837      0.1823      15      0.9359
  265      0.5533     12.4493     31.8210      0.3134      15      0.9349
  266      0.6916     16.0458     18.7018      0.2016      17      0.9070
  267      0.5533     16.5991     18.1436      0.2375      17      0.9350
  268      0.6916     16.5991     19.5392      0.2010      17      0.9437
  269      0.6916     17.1524     18.7018      0.1226      17      0.9071
  270      0.6916     20.6106     22.4701      0.2809      19      0.9112
  271      0.4150     20.7489     27.6341      0.1754      93      0.5135
  272      0.5533     21.0256     23.7262      0.3217      19      0.9187
  273      0.5533     24.2071     18.7018      0.2012       1      0.9070
  274      0.6916      0.2767     19.3997      0.3588       1      0.8986
  275      0.6916      8.5762     19.3997      0.2084       9      0.8985
  276      8.0229     12.0344     34.8915      3.2517     145      1.2573
  277      7.1930     12.3110     36.8454      0.9314     145      1.1553
  278      0.6916     16.8758     19.3997      0.3577      17      0.8985
  279      0.6916     24.6220     19.3997      0.2094       1      0.8985
  280      4.5648     12.5877     31.6815      3.3902      88      0.4890
  281      3.5965      4.1498     31.8210      3.1484      80      0.5283
  282      3.5965      4.1498     18.1436      0.2387       4      0.9350
  283      3.5965     12.4493     31.5419      3.2021      88      0.5215
  284      3.5965      4.5648     18.2831      0.6902       4      0.9249
  285      3.7348     11.8960     18.2831      0.6231      12      0.9249
  286      3.5965     12.4493     18.1436      0.2333      12      0.9350
  287      3.7348     20.1956     18.2831      0.6246      20      0.9249
  288      3.5965     20.0573     19.1205      0.4605      20      0.9134
  289      3.8731     20.3339     31.8210      1.5261      96      0.5218
  290      3.5965     20.7489     31.8210      0.6088      96      0.5283
  291      3.5965     20.7489     18.1436      0.2390      20      0.9350
  292      3.5965     21.3022     18.4227      0.6904      20      0.9152
  293      4.2881      8.8529     31.8210      0.4910      14      0.9215
  294      3.7348      8.7145     31.8210      0.5342      14      0.9331
  295      3.7348     13.0026     18.2831      0.6943      12      0.9249
  296      4.1498     21.3022     31.8210      1.8796      96      0.5350
  297      3.5965      4.8414     19.1205      0.3834       4      0.9134
  298      7.1930     11.8960     36.9850      0.0377     145      1.1961
  299      3.5965     13.1410     19.1205      0.3846      12      0.9134
  300      3.5965      3.4582     19.1205      0.4599       4      0.9134
  301      3.4582      3.5965     18.7018      0.1214       4      0.9070
  302      4.5648      8.8529     31.6815      1.1889      14      0.9038
  303      8.7145     11.4811     36.9850      2.6321     145      1.1763
  304      3.5965     11.7577     19.1205      0.4653      12      0.9134
  305      3.5965     21.4405     19.1205      0.3824      20      0.9135
  306      3.5965      7.7463     27.0758      4.2602      86      0.5102
  307      3.5965      8.2996     31.8210      0.3495      14      0.9249
  308      3.4582     11.8960     18.7018      0.1230      12      0.9070
  309      4.2881     12.3110     18.0040      0.6064      12      0.9144
  310      3.5965     13.1410     18.7018      0.2030      12      0.9070
  311      3.4582     20.1956     18.7018      0.1231      20      0.9070
  312      4.2881     20.6106     18.0040      0.6067      20      0.9144
  313      3.5965     24.3454     27.0758      3.6870      78      0.5150
  314      3.5965     24.3454     30.5650      1.7082       6      0.9155
  315      3.1815      0.0000     30.9837      0.2480       6      0.9407
  316      3.4582      0.2767     30.5650      0.2601       6      0.8959
  317      3.5965      0.6916     30.8441      0.5737       6      0.9155
  318      3.5965      0.1383     31.8210      0.5255       6      0.9039
  319      3.4582      7.8846     30.7045      1.3626      14      0.8984
  320      3.5965      8.0229     23.7262      0.4923      10      0.9187
  321      3.5965      8.8529     30.5650      1.1787      14      0.9147
  322      3.7348     16.0458     26.9362      4.2010      94      0.5186
  323      3.4582     16.4608     30.5650      0.4066      22      0.9211
  324      4.0115     16.1841     31.8210      1.1537      22      0.9019
  325      3.4582     16.8758     30.5650      0.1747      22      0.9136
  326      3.4582     21.3022     18.7018      0.2016      20      0.9070
  327      3.4582      0.1383     22.4701      0.2820       2      0.9112
  328      3.5965      0.5533     22.6097      1.0743       2      0.8964
  329      3.5965     24.6220     23.7262      0.7839       2      0.9187
  330      3.4582      0.5533     23.3075      0.4097       2      0.9232
  331      3.8731      0.5533     23.7262      0.8380       2      0.9187
  332      3.5965      0.5533     30.5650      0.5923       6      0.9382
  333      3.4582      3.8731     19.3997      0.3583       4      0.8985
  334      3.5965      4.7031     19.3997      0.9119       4      0.9299
  335      3.4582      4.7031     18.7018      0.1002       4      0.9070
  336      3.5965      7.6079     23.3075      0.6668      10      0.9232
  337      3.5965      7.8846     22.4701      0.9134      10      0.9006
  338      3.5965      8.1612     22.3306      0.2283      10      0.9158
  339      3.7348      7.6079     30.7045      0.7660      14      0.9090
  340      3.4582      8.4379     22.4701      0.2817      10      0.9112
  341      3.8731      7.8846     31.8210      0.7016      14      0.9084
  342      3.5965      8.8529     22.6097      1.2823      10      0.8964
  343      3.5965      8.5762     23.7262      0.8713      10      0.9187
  344      4.1498      8.0229     31.9606      0.3437      14      0.9354
  345      3.4582      8.8529     23.3075      0.4115      10      0.9232
  346      4.1498      8.2996     24.0054      0.1827      10      0.9583
  347      3.7348     11.6194     27.4945      0.6831      16      0.9250
  348      3.4582     12.1727     19.3997      0.2902      12      0.8985
  349      3.5965     13.0026     19.3997      0.9739      12      0.9299
  350      3.5965     17.1524     22.6097      1.3646      18      0.8964
  351      3.7348     16.0458     22.4701      1.0153      18      0.9006
  352      3.4582     16.0458     23.3075      0.2085      18      0.9232
  353      3.5965     16.1841     30.5650      1.1402      22      0.9319
  354      3.5965     16.3225     23.7262      0.7882      18      0.9187
  355      4.2881     15.7692     30.9837      0.3723      22      0.9283
  356      3.4582     16.4608     22.4701      0.2213      18      0.9112
  357      4.1498     16.5991     24.0054      0.1804      18      0.9583
  358      3.8731     17.1524     31.8210      0.8885      22      0.9203
  359      3.8731     17.1524     23.7262      0.8111      18      0.9187
  360      3.7348     17.2907     30.5650      1.0507      22      0.9175
  361      3.4582     17.1524     23.3075      0.4100      18      0.9232
  362      4.0115     19.9189     27.9132      1.4437      24      0.9146
  363      4.0115     17.4291     30.5650      0.2755      22      0.9265
  364      3.4582     20.4722     19.3997      0.3563      20      0.8985
  365      3.5965     21.3022     19.3997      0.9146      20      0.9299
  366      3.4582     24.7604     22.4701      0.2375       2      0.9112
  367      3.5965     24.4837     22.4701      1.0114       2      0.9006
  368      3.4582     24.3454     23.3075      0.4146       2      0.9232
  369      3.5965     24.2071     31.4023      0.1999       6      0.9024
  370      3.8731     24.4837     18.8414      1.9871      74      0.5018
  371      3.7348      0.2767     18.8414      1.1568      74      0.5019
  372      3.7348      0.0000     27.6341      0.1717      78      0.5133
  373      3.7348      0.0000     26.7967      0.1862      78      0.5117
  374      3.7348      0.4150     31.8210      0.3745       6      0.9253
  375      4.2881      0.1383     27.0758      0.8928      78      0.5016
  376      3.8731      3.4582     19.3997      0.3616       4      0.8985
  377      4.0115      0.6916     22.4701      0.2092       2      0.9112
  378      3.8731      3.5965     26.6571      1.5258       8      0.9015
  379      3.8731      3.4582     27.9132      1.5212       8      0.9033
  380      3.5965      3.5965     19.3997      0.3420       4      0.9299
  381      3.7348      3.8731     23.0284      1.2786      76      0.4991
  382      3.5965      4.1498     23.0284      0.3111      76      0.5536
  383      3.7348      4.4264     26.7967      1.1102       8      0.9338
  384      3.4582      4.1498     19.5392      0.2014       4      0.9437
  385      3.7348      4.0115     28.0528      0.2022       8      0.9453
  386      3.7348      4.4264     23.1680      1.5925      76      0.5132
  387      3.7348      4.5648     27.6341      1.1258       8      0.9076
  388      4.2881      4.0115     18.0040      0.5271       4      0.9144
  389      3.5965      4.8414     18.7018      0.1011       4      0.9070
  390      3.7348      4.2881     27.9132      0.3395       8      0.9025
  391      3.7348      8.0229     18.8414      1.9999      82      0.5018
  392      3.8731      4.8414     19.3997      0.3568       4      0.8985
  393      4.0115      7.7463     22.3306      0.2247      10      0.9157
  394      3.5965      7.7463     23.5867      0.0812      10      0.9505
  395      3.7348      8.5762     18.8414      1.0587      82      0.5019
  396      4.1498      8.8529     18.8414      0.4781      82      0.5561
  397      4.0115      8.2996     27.6341      0.6580      86      0.4967
  398      4.0115      8.4379     26.7967      0.1753      86      0.5244
  399      3.8731     11.7577     19.3997      0.2098      12      0.8985
  400      3.8731     11.6194     26.7967      0.6034      16      0.9507
  401      3.8731     11.6194     27.7736      0.5500      16      0.9394
  402      3.5965     11.8960     19.3997      0.3431      12      0.9299
  403      3.8731     12.0344     23.1680      1.0838      84      0.5132
  404      3.7348     11.6194     27.0758      0.2585      16      0.9299
  405      4.1498      9.2678     30.9837      0.2065      14      0.9435
  406      3.5965     12.4493     23.0284      0.2997      84      0.5536
  407      3.7348     12.8643     27.4945      1.3029      16      0.9238
  408      3.8731     12.8643     27.7736      0.6826      16      0.9382
  409      3.4582     12.4493     19.5392      0.2019      12      0.9437
  410      3.8731     12.8643     23.1680      1.6090      84      0.5132
  411      3.8731     13.1410     19.3997      0.2098      12      0.8985
  412      3.5965     15.9075     23.3075      0.2036      18      0.9232
  413      3.7348     16.3225     18.8414      0.9639      90      0.5018
  414      4.1498     16.0458     18.8414      0.4787      90      0.5561
  415      3.5965     16.5991     18.8414      0.3722      90      0.5561
  416      3.7348     16.8758     18.8414      1.2422      90      0.5019
  417      4.1498     17.1524     18.8414      0.4774      90      0.5561
  418      4.2881     16.7374     26.9362      0.9014      94      0.5172
  419      3.8731     20.0573     19.3997      0.2103      20      0.8985
  420      3.8731     20.1956     26.6571      1.0544      24      0.9082
  421      3.5965     20.1956     19.3997      0.3439      20      0.9299
  422      3.7348     20.4722     23.1680      1.0809      92      0.5132
  423      4.2881     20.3339     31.8210      1.0078      96      0.4983
  424      3.8731     21.1639     23.1680      1.5974      92      0.5132
  425      3.7348     20.4722     26.6571      0.6105      24      0.9256
  426      3.5965     20.7489     23.0284      0.3087      92      0.5536
  427      3.4582     20.7489     19.5392      0.2015      20      0.9437
  428      3.7348     21.1639     27.6341      1.3485      24      0.9168
  429      4.0115     21.0256     26.6571      0.6178      24      0.9018
  430      3.7348     20.6106     28.0528      0.2306      24      0.9408
  431      3.8731     21.4405     19.3997      0.2096      20      0.8985
  432      4.0115     24.2071     22.4701      0.2272       2      0.9112
  433      3.7348     24.4837     31.8210      0.7403       6      0.9082
  434      4.1498      0.5533     18.8414      0.3797      74      0.5562
  435      4.1498      0.0000     26.7967      0.8985      78      0.5065
  436      4.1498      3.5965     31.6815      0.3628      80      0.5416
  437      4.5648      4.2881     31.8210      1.8846      80      0.5004
  438      4.1498      7.7463     31.8210      0.2580      14      0.9453
  439      4.0115      8.5762     27.0758      0.2340      86      0.5002
  440      4.2881      8.4379     27.0758      1.3342      86      0.4929
  441      4.1498     11.6194     27.9132      0.4167      16      0.9091
  442      4.1498     12.8643     26.6571      0.3115      16      0.9229
  443      3.8731     12.8643     26.7967      0.1376      16      0.9495
  444      3.5965     16.7374     31.8210      0.2498      22      0.9370
  445      4.7031     16.5991     18.8414      0.9279      90      0.5561
  446      4.0115     17.2907     22.4701      0.2125      18      0.9112
  447      3.7348     21.1639     27.0758      0.2064      24      0.9101
  448      4.7031      0.0000     18.8414      0.8316      74      0.5561
  449      4.0115      4.2881     18.0040      0.0745       4      0.9144
  450      4.7031      7.7463     22.6097      1.3556      10      0.8964
  451      4.7031      8.2996     18.8414      0.9334      82      0.5561
  452      4.4264     11.7577     19.3997      0.3596      12      0.8985
  453      4.7031     16.0458     22.6097      1.6753      18      0.8964
  454      4.0115     15.9075     22.4701      0.1286      18      0.9112
  455      4.4264     20.0573     19.3997      0.3580      20      0.8985
  456      4.7031     21.0256     26.6571      1.4373      24      0.9071
  457      4.2881     21.1639     28.0528      0.2471      24      0.9400
  458      4.2881     24.2071     22.4701      0.2814       2      0.9112
  459      4.7031      0.5533     22.6097      1.7242       2      0.8964
  460      4.1498     11.8960     18.1436      0.2409      12      0.9350
  461      4.7031      8.8529     22.6097      1.7239      10      0.8964
  462      4.1498     11.6194     26.6571      0.3874      16      0.9241
  463      4.5648     12.8643     26.6571      0.6561      16      0.9086
  464      4.4264     12.0344     23.1680      1.4741      84      0.5132
  465      4.1498     12.8643     27.9132      0.1873      16      0.9079
  466      4.1498     16.5991     27.6341      0.7596      94      0.4959
  467      4.7031     17.1524     22.6097      1.7174      18      0.8964
  468      4.4264     20.3339     23.0284      1.4306      92      0.4991
  469      4.2881     17.4291     30.5650      0.4067      22      0.9172
  470      4.1498      0.0000     24.0054      0.1789       2      0.9583
  471      3.8731      0.1383     31.9606      0.1193       6      0.9100
  472      4.1498      0.5533     31.8210      0.2606       6      0.9231
  473      4.1498      4.5648     26.6571      0.0801       8      0.9242
  474      4.1498      8.9912     30.4254      0.2947      14      0.9288
  475      4.2881     16.0458     30.4254      0.3442      22      0.9286
  476      9.8211     15.7692     38.6598      1.8796     151      1.1239
  477      4.0115     16.7374     26.7967      0.1322      94      0.5323
  478      4.4264     21.1639     26.6571      0.4430      24      0.9246
  479      4.4264     21.4405     19.3997      0.3569      20      0.8985
  480      4.2881     24.3454     31.8210      0.3003       6      0.9159
  481      4.2881      4.5648     28.0528      0.2186       8      0.9400
  482      4.1498     11.8960     23.0284      0.3102      84      0.5536
  483      4.4264     16.1841     31.8210      0.7682      22      0.9193
  484      4.4264      0.4150     18.8414      1.0440      74      0.5019
  485      4.2881      0.1383     27.3549      0.1966      78      0.5022
  486      4.5648      0.2767     31.8210      0.8487       6      0.9016
  487      4.1498      3.4582     19.5392      0.2021       4      0.9437
  488      4.1498      3.5965     23.0284      0.3058      76      0.5536
  489      4.1498      4.1498     23.5867      0.1994      76      0.5396
  490      4.1498      4.8414     19.5392      0.2039       4      0.9437
  491      4.1498      4.7031     23.0284      0.3092      76      0.5536
  492      4.5648      8.5762     18.8414      1.0421      82      0.5019
  493      4.1498     11.7577     19.5392      0.2043      12      0.9436
  494      4.9797     12.7260     27.7736      1.8694      16      0.9005
  495      4.1498     12.4493     23.5867      0.2012      84      0.5396
  496      4.1498     13.1410     19.5392      0.2059      12      0.9437
  497      4.1498     13.0026     23.0284      0.3069      84      0.5536
  498      4.4264     13.1410     19.3997      0.3570      12      0.8985
  499      4.1498     17.0141     31.9606      0.1540      22      0.9309
  500      4.1498     17.2907     31.8210      0.1936      22      0.9496
  501      4.4264     17.0141     18.8414      0.9164      90      0.5019
  502      4.1498     20.0573     19.5392      0.2030      20      0.9436
  503      4.1498     20.1956     23.0284      0.3113      92      0.5536
  504      4.1498     20.7489     23.5867      0.2079      92      0.5396
  505      4.1498     21.4405     19.5392      0.2042      20      0.9437
  506      4.1498     21.3022     23.0284      0.3088      92      0.5537
  507      4.8414     24.4837     30.7045      1.8015       6      0.9159
  508      4.1498     23.9304     31.1232      0.1735       6      0.9503
  509      4.7031      8.0229     23.7262      0.9842      10      0.9187
  510      4.1498      4.7031     18.1436      0.2384       4      0.9350
  511      4.1498     13.0026     18.1436      0.2405      12      0.9350
  512      4.1498     21.3022     18.1436      0.2379      20      0.9350
  513      4.1498      3.5965     18.1436      0.2400       4      0.9350
  514      4.1498      0.0000     27.6341      0.2916      78      0.5081
  515      4.5648      3.8731     23.0284      1.2318      76      0.4991
  516      4.5648      4.0115     31.8210      1.2047      80      0.4930
  517      4.4264      7.8846     18.8414      1.0714      82      0.5019
  518      4.4264     12.8643     23.1680      1.0387      84      0.5132
  519      4.4264     16.1841     18.8414      1.2043      90      0.5018
  520      4.1498     20.1956     18.1436      0.2399      20      0.9350
  521      4.2881     19.9189     26.6571      0.2634      24      0.9345
  522      4.4264     24.4837     18.8414      1.1865      74      0.5018
  523      7.7463     13.0026     32.2397      1.2631      39      0.9142
  524      4.7031     24.3454     22.6097      1.0744       2      0.8964
  525      4.2881     24.6220     31.9606      0.1293       6      0.9171
  526      4.8414      4.5648     26.7967      1.5060       8      0.9457
  527      4.5648     13.0026     18.2831      0.6207      12      0.9249
  528      4.4264     17.1524     31.8210      0.3533      22      0.9015
  529     10.6511     17.1524     39.9159      2.0146     151      1.1927
  530      4.1498      0.0000     23.0284      0.1822       2      0.0186
  531      4.1498      0.0000     31.1232      0.1764       6      0.0471
  532      4.7031      0.5533     30.7045      1.0231       6      0.9098
  533      4.2881      0.6916     30.5650      0.1222       6      0.9048
  534      4.1498      4.1498     18.8414      0.1753       4      0.0559
  535      4.4264      7.8846     31.8210      0.6935      14      0.9116
  536      4.1498      8.2996     23.0284      0.1822      10      0.0186
  537      4.1498      8.2996     31.1232      0.1783      14      0.0553
  538      4.1498     12.4493     18.8414      0.1744      12      0.0559
  539      4.1498     16.5991     23.0284      0.1822      18      0.0186
  540      4.1498     16.7374     31.1232      0.1754      22      0.0692
  541      8.2996     12.3110     32.7980      0.2647      39      0.9494
  542      7.7463     16.4608     31.6815      3.1384     119      0.5144
  543      4.1498     20.7489     18.8414      0.1753      20      0.0559
  544      4.5648      3.5965     18.2831      0.6419       4      0.9249
  545      4.7031     16.3225     23.7262      0.8190      18      0.9187
  546      4.5648     20.6106     31.8210      0.7138      96      0.5019
  547      4.7031     24.6220     23.7262      0.8622       2      0.9187
  548      4.4264      0.0000     31.9606      0.1413       6      0.9176
  549      4.2881      4.0115     27.3549      0.1787       8      0.0771
  550      7.6079     11.7577     32.2397      0.4948      39      0.9034
  551      4.4264     12.3110     27.3549      0.1796      16      0.0977
  552      4.5648     11.8960     18.2831      0.5614      12      0.9249
  553      4.2881     20.6106     27.3549      0.1778      24      0.0879
  554      4.1498     24.4837     26.7967      0.1770      78      0.5094
  555      4.1498     24.4837     27.6341      0.1723      78      0.5110
  556      8.1612      8.4379     31.8210      0.3980     111      0.4910
  557      4.2881     16.4608     26.7967      0.6625      94      0.4994
  558      4.5648     20.1956     18.2831      0.5633      20      0.9249
  559      4.8414     24.7604     22.4701      0.2093       2      0.9112
  560      4.7031      0.2767     23.7262      0.3723       2      0.9187
  561      4.4264      0.5533     23.7262      0.2273       2      0.9187
  562      4.8414      0.5533     23.3075      0.3488       2      0.9233
  563      4.4264      3.4582     19.3997      0.2121       4      0.8985
  564      4.8414      3.5965     19.1205      0.4560       4      0.9134
  565      4.7031      3.5965     19.3997      0.3446       4      0.9299
  566      4.7031      4.1498     23.0284      0.3093      76      0.5536
  567      4.4264      4.5648     23.1680      1.0822      76      0.5132
  568      4.7031      4.7031     19.3997      0.3442       4      0.9299
  569      4.5648      4.7031     18.2831      0.6215       4      0.9249
  570      4.4264      4.8414     19.3997      0.2083       4      0.8985
  571      4.8414      4.7031     19.1205      0.4135       4      0.9134
  572      4.7031      7.7463     30.7045      1.5391      14      0.8888
  573      4.7031      7.6079     23.3075      0.2997      10      0.9232
  574      4.8414      8.1612     22.4701      0.2095      10      0.9112
  575      4.7031      8.5762     23.7262      0.6804      10      0.9187
  576      4.7031      8.8529     30.5650      1.2127      14      0.9210
  577      4.7031      8.9912     23.3075      0.2702      10      0.9232
  578      4.9797     11.6194     27.6341      1.3474      16      0.9231
  579      4.7031     11.7577     19.1205      0.4614      12      0.9134
  580      4.7031     11.8960     19.3997      0.3464      12      0.9299
  581      4.7031     12.4493     23.0284      0.2982      84      0.5536
  582      4.7031     13.0026     19.3997      0.3441      12      0.9299
  583      4.7031     13.1410     19.1205      0.4611      12      0.9134
  584      4.7031     15.9075     23.3075      0.3989      18      0.9232
  585      4.7031     16.0458     30.7045      1.2699      22      0.9112
  586      4.7031     16.8758     23.7262      0.3950      18      0.9187
  587      4.7031     16.8758     31.8210      0.3189      22      0.9182
  588      4.4264     17.1524     23.7262      0.2509      18      0.9187
  589      4.5648     17.4291     30.7045      1.2596      22      0.9219
  590      4.8414     17.1524     23.3075      0.3581      18      0.9233
  591      4.7031     17.1524     31.6815      0.2164      22      0.9169
  592      4.8414     20.1956     19.1205      0.4589      20      0.9134
  593      4.7031     20.1956     19.3997      0.3416      20      0.9299
  594      4.7031     20.7489     23.0284      0.3066      92      0.5536
  595      4.4264     21.1639     23.1680      1.0829      92      0.5132
  596      4.4264     21.1639     31.8210      0.8634      96      0.5104
  597      4.7031     21.3022     19.3997      0.3430      20      0.9299
  598      4.5648     21.3022     18.2831      0.6245      20      0.9250
  599      4.8414     21.3022     19.1205      0.4613      20      0.9135
  600      4.7031     24.2071     23.3075      0.3878       2      0.9232
  601      4.5648     24.3454     31.6815      0.4174       6      0.9103
  602      4.7031      0.0000     31.8210      0.2422       6      0.9324
  603      4.7031      0.6916     30.9837      0.2297       6      0.9293
  604      4.8414      3.4582     27.9132      0.8395       8      0.9170
  605      4.9797      3.4582     26.9362      1.3033       8      0.9034
  606      4.7031      3.4582     18.7018      0.1228       4      0.9070
  607      4.8414      4.4264     27.9132      0.6444       8      0.8936
  608      4.7031      4.1498     18.1436      0.2370       4      0.9350
  609      4.8414      4.1498     19.5392      0.2030       4      0.9437
  610      4.9797      4.5648     27.0758      0.3093       8      0.9110
  611      4.9797      4.4264     27.7736      0.6007       8      0.9014
  612      4.7031      4.8414     18.7018      0.1717       4      0.9070
  613      4.8414     11.8960     18.7018      0.1227      12      0.9070
  614      4.7031     12.4493     18.1436      0.2364      12      0.9350
  615      4.8414     12.4493     19.5392      0.2007      12      0.9437
  616      4.7031     13.1410     18.7018      0.1229      12      0.9070
  617     11.4811     15.3542     39.4972      1.1766     151      1.2846
  618      4.8414     19.9189     26.9362      1.2225      24      0.8972
  619      4.7031     20.0573     18.7018      0.1227      20      0.9070
  620      4.9797     20.0573     27.7736      0.6539      24      0.9072
  621      4.7031     20.7489     18.1436      0.2371      20      0.9350
  622      4.9797     20.8872     27.9132      1.4326      24      0.9133
  623      4.8414     20.7489     19.5392      0.2017      20      0.9437
  624      4.7031     21.4405     18.7018      0.1220      20      0.9071
  625      4.8414      0.1383     30.5650      0.0696       6      0.9143
  626      4.8414      3.8731     19.3997      0.3623       4      0.8985
  627      4.8414      4.4264     19.3997      0.2091       4      0.8985
  628      4.8414     11.6194     26.7967      0.8596      16      0.9181
  629      4.5648     11.6194     26.6571      0.1060      16      0.9098
  630      4.8414     12.1727     19.3997      0.3614      12      0.8985
  631      4.8414     12.7260     26.6571      0.8899      16      0.9202
  632      4.8414     12.7260     19.3997      0.2098      12      0.8985
  633      4.8414     17.2907     31.2628      0.0610      22      0.9127
  634      4.8414     20.4722     19.3997      0.3643      20      0.8985
  635      4.8414     21.0256     19.3997      0.2108      20      0.8985
  636      8.4379      8.4379     31.8210      2.5445     111      0.4946
  637      8.7145     16.5991     31.6815      3.4184     119      0.5210
  638      4.9797     19.9189     27.4945      0.0920      24      0.9036
  639     12.3110     12.5877     40.1950      3.2442     152      1.1953
  640     11.7577     18.9507     36.0080      1.7561     150      1.1357
  641      7.7463      0.4150     18.2831      0.5718      25      0.9249
  642      8.4379      7.7463     31.5419      3.6318     111      0.5030
  643     12.1727     14.5242     40.0554      0.8391     152      1.3534
  644      7.6079     13.0026     31.9606      0.7870      39      0.9188
  645      7.7463     16.5991     18.1436      0.2435      41      0.9350
  646      7.7463      0.0000     18.1436      0.2396      25      0.9350
  647      7.7463      8.2996     18.1436      0.2400      33      0.9350
  648      7.6079     11.6194     31.9606      1.2340      39      0.9226
  649      7.8846     20.3339     31.8210      0.9748      47      0.9178
  650      7.7463     24.4837     18.2831      0.6218      25      0.9249
  651      7.7463      8.7145     18.2831      0.5611      33      0.9249
  652      7.7463      0.6916     19.1205      0.4597      25      0.9135
  653      7.6079     16.0458     19.1205      0.4615      41      0.9134
  654      7.7463     16.1841     18.2831      0.6234      41      0.9249
  655      7.7463     17.0141     18.2831      0.5590      41      0.9249
  656      7.7463     24.2071     18.7018      0.1219      25      0.9070
  657      8.1612     24.4837     31.8210      1.3351     103      0.4783
  658     12.4493      7.8846     36.9850      1.7439     146      1.1848
  659      7.8846      4.5648     31.8210      0.9337      31      0.9281
  660      7.7463      7.8846     18.2831      0.6219      33      0.9249
  661      7.7463     17.2907     19.1205      0.4631      41      0.9134
  662     11.8960     17.4291     36.9850      0.9063     150      1.2857
  663      7.7463      7.6079     19.1205      0.4633      33      0.9134
  664     10.7894      9.9595     39.2180      2.1218     153      0.1076
  665      7.7463      8.9912     19.1205      0.4548      33      0.9134
  666      7.7463     17.2907     18.7018      0.1220      41      0.9070
  667      8.7145     20.4722     31.8210      0.5733      47      0.9168
  668      7.6079     24.3454     19.1205      0.4598      25      0.9134
  669      7.6079     24.6220     27.9132      1.6411      29      0.9059
  670      8.0229      0.4150     31.6815      1.4434     103      0.5033
  671      7.6079      0.8300     26.9362      0.6577      29      0.9136
  672      7.4696      0.8300     27.2154      0.5236      29      0.9271
  673      7.6079      0.6916     27.9132      0.4210      29      0.9378
  674      7.4696      0.4150     27.9132      0.1439      29      0.9122
  675      7.6079     24.4837     26.7967      0.7912      29      0.9410
  676      7.7463      0.6916     18.7018      0.1223      25      0.9070
  677      7.4696      3.8731     30.5650      0.1578      31      0.9036
  678      7.6079      4.5648     30.5650      1.4432      31      0.8992
  679      7.4696      8.0229     27.6341      1.4004      37      0.9071
  680      7.4696      9.1295     27.3549      1.5805      37      0.9172
  681      7.7463     15.9075     18.7018      0.1239      41      0.9070
  682      7.6079     21.3022     30.7045      1.9152      47      0.9053
  683      8.1612     20.1956     31.8210      0.3197      47      0.9323
  684      8.7145     21.1639     31.8210      0.9249      47      0.9387
  685      8.4379     24.4837     31.8210      2.1667     103      0.4775
  686      7.6079      3.7348     31.6815      1.2610      31      0.9080
  687      7.6079      3.5965     30.5650      0.8670      31      0.9160
  688      7.4696      7.8846     27.3549      0.4199      37      0.9302
  689      7.6079      7.8846     26.9362      0.4298      37      0.9048
  690      7.4696      8.4379     26.6571      0.1565      37      0.9330
  691      7.7463      8.9912     18.7018      0.1226      33      0.9070
  692      8.0229     12.8643     18.8414      1.0575     105      0.5019
  693      7.6079     16.1841     27.7736      1.3151      45      0.9231
  694      7.6079     17.2907     26.9362      0.6629      45      0.9221
  695      7.6079     17.4291     27.3549      0.4238      45      0.9363
  696      7.6079     17.2907     27.6341      0.8263      45      0.8903
  697     11.3427     16.8758     38.1015      0.8942     151      1.2998
  698      7.7463     20.1956     30.5650      0.6388      47      0.9404
  699      7.6079     20.1956     30.8441      0.5590      47      0.9028
  700      7.7463     21.3022     31.6815      0.5390      47      0.9141
  701      7.8846     20.7489     31.9606      0.1988      47      0.9254
  702      7.4696     24.4837     27.0758      0.3390      29      0.9123
  703      7.6079      0.2767     19.3997      0.3629      25      0.8985
  704      8.0229     24.4837     23.1680      1.2748      99      0.5131
  705      8.1612      0.1383     26.3780      0.2414      29      0.9429
  706      8.5762      0.4150     31.6815      1.6574     103      0.5018
  707      7.7463      3.5965     22.6097      1.8922      27      0.8964
  708      7.7463      3.4582     23.3075      0.3880      27      0.9232
  709      8.0229      3.5965     23.7262      0.6140      27      0.9187
  710      7.7463      4.4264     23.7262      0.7497      27      0.9187
  711      7.7463      4.7031     22.6097      1.4582      27      0.8964
  712      7.7463      4.8414     23.3075      0.4114      27      0.9232
  713      7.6079      4.2881     22.4701      0.1218      27      0.9112
  714      7.6079      8.0229     19.3997      0.2108      33      0.8985
  715      7.7463      7.6079     18.7018      0.1221      33      0.9070
  716      7.6079      8.5762     19.3997      0.3653      33      0.8985
  717      7.8846      8.5762     23.1680      1.6179     107      0.5132
  718      7.6079      8.1612     26.6571      0.5514      37      0.9065
  719      8.0229      8.4379     26.3780      0.0712      37      0.9257
  720      7.6079      8.8529     26.6571      0.3108      37      0.8992
  721      8.0229     12.0344     18.8414      1.0247     105      0.5018
  722      7.7463     11.8960     22.6097      1.8139      35      0.8964
  723      8.0229     11.8960     23.7262      0.7074      35      0.9187
  724      7.7463     12.1727     23.7262      0.2287      35      0.9187
  725      7.7463     12.7260     23.7262      0.9667      35      0.9187
  726      7.6079     12.5877     22.4701      0.1285      35      0.9112
  727      7.7463     13.0026     22.6097      1.0536      35      0.8964
  728      7.6079     16.3225     19.3997      0.2097      41      0.8985
  729      7.6079     16.0458     27.4945      0.3986      45      0.9203
  730      7.6079     16.8758     19.3997      0.3584      41      0.8985
  731      7.7463     16.3225     26.6571      1.3049      45      0.9073
  732      7.8846     16.8758     23.1680      1.2645     115      0.5132
  733      8.2996     16.7374     26.3780      0.2063      45      0.9525
  734      7.7463     20.1956     22.6097      1.3931      43      0.8964
  735      7.7463     20.0573     23.3075      0.3673      43      0.9232
  736      8.0229     20.1956     23.7262      0.6365      43      0.9187
  737      7.7463     21.3022     22.6097      1.4553      43      0.8964
  738      8.0229     21.3022     23.7262      0.8738      43      0.9187
  739      7.7463     21.4405     23.3075      0.4125      43      0.9232
  740      7.6079     24.6220     19.3997      0.2108      25      0.8985
  741      7.6079      0.0000     19.5392      0.2021      25      0.9436
  742      7.7463      0.0000     23.0284      0.3041      99      0.5536
  743      8.1612      0.1383     18.0040      0.5295      25      0.9144
  744      8.0229      0.4150     23.0284      1.2398      99      0.4991
  745      7.7463      0.5533     19.3997      0.3442      25      0.9299
  746      7.8846      0.8300     27.9132      0.1518      29      0.9134
  747      8.2996      3.3198     30.5650      0.8249      31      0.9374
  748      8.0229      0.6916     19.3997      0.3603      25      0.8985
  749      8.0229      3.7348     18.8414      1.0268      97      0.5018
  750      8.2996      3.5965     18.8414      0.9071      97      0.5561
  751      8.2996      3.8731     27.0758      1.4442     101      0.5118
  752      7.7463      4.1498     18.8414      0.5242      97      0.5561
  753      8.8529      4.7031     27.0758      4.2608     101      0.5203
  754      8.0229      4.5648     18.8414      1.0633      97      0.5019
  755      8.1612      4.2881     26.7967      0.1523     101      0.5214
  756     12.8643      7.7463     34.7519      2.3283     146      1.2273
  757      8.2996      4.2881     27.6341      0.5134     101      0.4989
  758      8.0229      7.6079     19.3997      0.3579      33      0.8985
  759      7.7463      7.7463     19.3997      0.3419      33      0.9299
  760      7.8846      8.0229     23.1680      0.9126     107      0.5132
  761      7.7463      8.2996     23.0284      0.3120     107      0.5536
  762      7.6079      8.2996     19.5392      0.2041      33      0.9436
  763      7.7463      8.8529     19.3997      0.3465      33      0.9299
  764      8.0229      8.9912     19.3997      0.3617      33      0.8985
  765      8.2996     11.8960     18.8414      0.9486     105      0.5561
  766      7.7463     12.4493     18.8414      0.4891     105      0.5561
  767      8.0229     12.1727     30.9837      0.5225      39      0.8998
  768      8.0229     12.4493     27.3549      1.0178     109      0.4895
  769      8.1612     12.5877     30.9837      1.5308      39      0.9129
  770      8.1612     13.0026     27.3549      0.2509     109      0.5149
  771      8.7145     13.0026     27.4945      2.5816     109      0.4860
  772      8.0229     15.9075     19.3997      0.3596      41      0.8985
  773      7.7463     16.0458     19.3997      0.4644      41      0.9299
  774      7.8846     16.3225     23.1680      1.4303     115      0.5132
  775      7.7463     16.5991     23.0284      0.3178     115      0.5536
  776      7.6079     16.5991     19.5392      0.2053      41      0.9436
  777      7.7463     17.1524     19.3997      0.3877      41      0.9299
  778      8.0229     17.2907     19.3997      0.3192      41      0.8985
  779      7.8846     20.4722     18.8414      0.9025     113      0.5018
  780      8.2996     20.1956     18.8414      0.9478     113      0.5561
  781      8.1612     20.6106     27.0758      1.3810     117      0.4836
  782      7.7463     20.7489     18.8414      0.4772     113      0.5561
  783      8.0229     21.1639     18.8414      1.6083     113      0.5019
  784      8.8529     21.1639     26.9362      4.7708     117      0.4943
  785      8.2996     20.7489     27.6341      0.4052     117      0.5163
  786      7.7463     21.0256     31.8210      0.0625      47      0.8990
  787      8.0229     21.3022     31.8210      0.0915      47      0.9061
  788      8.2996     21.1639     26.7967      0.1075     117      0.5037
  789      8.8529     21.3022     30.7045      2.0155      47      0.8970
  790      8.0229     24.2071     19.3997      0.3577      25      0.8985
  791      7.7463     24.3454     19.3997      0.3425      25      0.9299
  792      8.2996      4.7031     18.8414      0.4658      97      0.5561
  793      8.0229      4.9797     31.2628      0.0677      31      0.9165
  794      8.0229      8.2996     18.0040      0.5395      33      0.9351
  795      8.5762     11.8960     23.7262      1.2173      35      0.9187
  796      8.1612     12.1727     27.3549      1.4876     109      0.5410
  797      7.6079     11.7577     31.4023      0.1147      39      0.9328
  798      8.2996     12.4493     24.0054      0.1728      35      0.9583
  799      8.5762     12.8643     18.8414      1.9943     105      0.5019
  800      8.0229     13.0026     23.7262      0.2509      35      0.9187
  801      8.1612     13.1410     22.4701      0.2992      35      0.9112
  802      8.0229     16.5991     18.0040      0.3824      41      0.9351
  803      8.1612     21.4405     22.4701      0.3829      43      0.9112
  804      8.4379      0.6916     26.6571      0.4964      29      0.8968
  805      8.0229      4.2881     31.9606      0.1205      31      0.9184
  806      8.5762      4.7031     30.5650      1.2036      31      0.8868
  807      8.7145      8.0229     23.1680      1.7099     107      0.5132
  808      8.7145      8.8529     27.9132      0.6749      37      0.9050
  809      7.8846     11.4811     31.9606      0.1461      39      0.8989
  810     12.4493     17.4291     35.0311      1.7917     150      1.2057
  811      8.5762     24.4837     23.1680      1.5957      99      0.5132
  812      8.0229      3.5965     31.8210      0.1028      31      0.9106
  813      8.8529      3.5965     22.6097      1.5932      27      0.8964
  814      8.4379      4.1498     31.9606      0.3215      31      0.9226
  815      8.7145      4.1498     31.8210      1.2949      31      0.9181
  816      8.2996      8.2996     23.5867      0.2418     107      0.5396
  817      8.7145      8.8529     26.6571      0.7734      37      0.9140
  818      8.8529     20.1956     22.6097      1.7393      43      0.8964
  819      7.8846     24.4837     26.6571      0.3707      29      0.9188
  820      8.7145      7.8846     27.6341      1.3793      37      0.9146
  821      8.1612     11.7577     31.1232      0.2508      39      0.9186
  822      8.2996      0.5533     23.0284      0.3129      99      0.5537
  823      8.5762      0.6916     27.9132      1.6252      29      0.9089
  824      8.0229      3.8731     31.9606      0.0381      31      0.9255
  825      8.0229      4.8414     30.5650      0.0584      31      0.9173
  826      8.2996      8.5762     26.3780      0.3278      37      0.9279
  827      8.4379     11.7577     22.4701      0.2175      35      0.9112
  828      8.4379     13.1410     22.4701      0.2235      35      0.9112
  829      8.4379     16.0458     27.9132      0.2490      45      0.9188
  830      8.0229     16.0458     27.9132      0.2199      45      0.9118
  831      8.7145     17.4291     27.6341      1.6239      45      0.9228
  832      8.7145     20.1956     30.5650      1.4421      47      0.9342
  833      8.2996     24.3454     23.0284      0.3113      99      0.5536
  834      8.4379     21.3022     31.8210      0.0942      47      0.9034
  835      8.2996      0.6916     19.5392      0.2021      25      0.9437
  836      8.7145      4.5648     23.7262      0.8912      27      0.8976
  837      8.2996      7.6079     19.5392      0.2017      33      0.9436
  838      8.2996      7.7463     23.0284      0.2922     107      0.5536
  839      8.2996      8.9912     19.5392      0.2009      33      0.9437
  840      8.2996      8.8529     23.0284      0.2888     107      0.5536
  841      7.8846      9.1295     27.9132      0.0924      37      0.9121
  842      8.1612     12.8643     31.1232      0.3874      39      0.9156
  843      8.2996     15.9075     19.5392      0.2007      41      0.9436
  844      8.2996     16.0458     23.0284      0.3010     115      0.5536
  845      8.2996     17.1524     18.1436      0.2324      41      0.9350
  846      8.4379     17.2907     26.6571      0.3789      45      0.9095
  847      8.2996     17.2907     19.5392      0.1998      41      0.9437
  848      8.2996     17.1524     23.0284      0.2980     115      0.5536
  849      8.7145     20.4722     18.8414      1.1999     113      0.5019
  850      8.2996     24.2071     19.5392      0.2025      25      0.9436
  851      8.2996     24.4837     26.6571      0.2059      29      0.9062
  852      8.1612     24.4837     28.0528      0.2798      29      0.9436
  853      8.8529     24.3454     19.3997      0.6982      25      0.9299
  854      8.2996      0.5533     18.1436      0.2378      25      0.9350
  855      8.4379      4.0115     26.7967      0.2831     101      0.5043
  856      8.2996      4.1498     24.0054      0.1833      27      0.9583
  857      8.8529      7.7463     19.3997      0.9092      33      0.9299
  858      8.7145      9.1295     27.6341      1.0402      37      0.9014
  859      8.8529     12.8643     32.2397      1.5523      39      0.9333
  860      8.7145     16.8758     23.1680      1.2170     115      0.5132
  861      8.2996      0.0000     23.5867      0.1960      99      0.5396
  862      8.2996      8.8529     18.1436      0.2357      33      0.9350
  863      8.2996     16.0458     18.1436      0.2316      41      0.9350
  864      8.7145     16.3225     23.1680      1.2721     115      0.5132
  865      8.2996     16.5991     23.5867      0.2008     115      0.5396
  866      8.2996     24.3454     18.1436      0.2382      25      0.9350
  867      8.7145     24.4837     26.9362      0.5536      29      0.9225
  868      8.7145     24.4837     27.6341      0.7019      29      0.8964
  869      8.5762      0.4150     23.1680      1.0810      99      0.5132
  870      8.5762      3.7348     18.8414      1.0666      97      0.5019
  871      8.2996      7.7463     18.1436      0.2346      33      0.9350
  872      8.5762      4.5648     18.8414      1.1745      97      0.5019
  873      8.8529     11.7577     32.1002      1.6767      39      0.8878
  874      8.5762     12.0344     18.8414      1.0621     105      0.5018
  875      8.0229     11.8960     36.1476      0.0708     145      0.0679
  876      8.7145     16.1841     27.9132      0.7881      45      0.9367
  877      8.1612      0.1383     27.3549      0.1777      29      0.0672
  878      8.5762      3.5965     23.7262      0.7521      27      0.9187
  879      8.1612      4.1498     31.1232      0.1773      31      0.0736
  880      8.1612      8.5762     27.3549      0.1805      37      0.0877
  881      8.7145      9.1295     26.9362      0.3811      37      0.9064
  882      8.1612     12.3110     31.8210      0.1778      39      0.0553
  883      8.5762     13.0026     23.7262      0.9183      35      0.9187
  884      8.5762     20.1956     23.7262      0.8873      43      0.9187
  885      8.2996     20.7489     24.0054      0.1812      43      0.9583
  886      8.2996      0.0000     18.8414      0.1753      25      0.0559
  887      8.7145      0.5533     18.2831      0.6256      25      0.9250
  888      8.2996      4.1498     23.0284      0.1822      27      0.0186
  889      8.8529      7.8846     18.2831      0.6964      33      0.9249
  890      8.7145      7.8846     26.9362      0.8372      37      0.9196
  891      8.2996      8.2996     18.8414      0.1744      33      0.0559
  892      8.9912     12.3110     22.4701      0.4056      35      0.9112
  893      8.2996     12.4493     23.0284      0.1822      35      0.0186
  894      8.2996     16.5991     18.8414      0.1743      41      0.0559
  895      8.1612     16.7374     27.3549      0.1757      45      0.0643
  896      8.8529     17.0141     18.2831      0.6234      41      0.9249
  897      8.2996     20.7489     23.0284      0.1822      43      0.0186
  898      8.2996     20.7489     31.1232      0.1783      47      0.0767
  899      8.5762      3.7348     31.8210      0.3786      31      0.9176
  900      8.8529      4.7031     22.6097      1.0273      27      0.8964
  901      8.8529      8.7145     18.2831      0.6168      33      0.9249
  902      8.7145     13.0026     22.4701      0.9968      35      0.9007
  903      8.8529     16.1841     18.2831      0.6855      41      0.9249
  904      8.8529     16.0458     19.3997      0.5772      41      0.9299
  905      8.5762     21.1639     18.8414      0.9816     113      0.5019
  906      8.7145     24.3454     18.2831      0.6917      25      0.9249
  907      8.5762     21.3022     23.7262      0.6573      43      0.9187
  908      8.4379     24.4837     27.9132      0.1543      29      0.8971
  909      8.8529     16.1841     26.9362      0.7276      45      0.9181
  910      8.7145     24.3454     27.3549      0.4043      29      0.9427
  911      8.7145      0.4150     26.6571      0.2993      29      0.9213
  912      8.7145      0.1383     28.0528      0.1996      29      0.9453
  913      8.7145     24.7604     27.9132      0.1630      29      0.8979
  914      8.7145      0.6916     26.7967      0.3702      29      0.9443
  915      8.7145      0.8300     27.0758      0.3110      29      0.9162
  916      8.5762      3.4582     30.5650      0.8086      31      0.9086
  917      8.8529      9.1295     27.3549      0.3267      37      0.9353
  918      8.7145     13.0026     31.5419      0.2096      39      0.9112
  919      8.8529     16.4608     27.9132      0.3948      45      0.9037
  920      8.7145     17.2907     26.7967      1.0639      45      0.9272
  921      8.7145     21.3022     22.4701      0.2954      43      0.9007
  922      8.8529      0.0000     23.0284      0.3032      99      0.5536
  923      8.7145      0.0000     26.6571      0.2435      29      0.9075
  924      8.8529      0.5533     19.3997      0.3470      25      0.9299
  925      8.5762      0.6916     19.3997      0.2100      25      0.8985
  926      8.8529      0.6916     19.1205      0.3827      25      0.9135
  927      8.9912      3.5965     23.3075      0.4113      27      0.9232
  928      8.8529      3.4582     30.9837      0.1474      31      0.9318
  929      8.8529      4.1498     30.4254      0.2371      31      0.9376
  930      8.8529      4.4264     30.5650      0.7900      31      0.9071
  931      8.4379      4.8414     22.4701      0.1283      27      0.9112
  932      8.9912      4.7031     23.3075      0.4127      27      0.9232
  933      8.4379      8.1612     18.0040      0.0699      33      0.9144
  934      8.8529      7.6079     19.1205      0.3812      33      0.9134
  935      8.8529      7.8846     27.3549      0.2428      37      0.9481
  936      8.8529      8.2996     23.0284      0.3075     107      0.5536
  937      8.8529      8.8529     19.3997      0.3447      33      0.9299
  938      8.7145      8.5762     23.1680      0.9389     107      0.5132
  939      8.5762      8.9912     19.3997      0.2094      33      0.8985
  940      8.8529      8.9912     19.1205      0.4655      33      0.9134
  941      8.8529     12.0344     22.4701      1.0565      35      0.9007
  942      8.8529     11.6194     31.8210      0.1139      39      0.9493
  943      8.8529     12.7260     23.7262      0.4129      35      0.9187
  944      8.5762     15.9075     19.3997      0.2026      41      0.8985
  945      8.5762     16.5991     18.0040      0.2273      41      0.9351
  946      8.8529     16.0458     27.3549      0.6676      45      0.9262
  947      8.9912     16.0458     19.1205      0.3940      41      0.9134
  948      8.8529     16.5991     23.0284      0.3163     115      0.5536
  949      8.8529     17.1524     19.3997      0.3453      41      0.9299
  950      8.5762     17.2907     19.3997      0.2101      41      0.8985
  951      8.9912     17.1524     19.1205      0.4638      41      0.9135
  952      8.9912     20.1956     23.3075      0.3974      43      0.9232
  953      8.8529     20.1956     31.4023      0.1621      47      0.9055
  954      8.9912     20.8872     22.4701      0.2157      43      0.9112
  955      8.8529     20.8872     30.4254      0.3996      47      0.9233
  956      8.8529     20.7489     31.8210      0.2027      47      0.9452
  957      8.8529     20.7489     18.8414      0.4653     113      0.5561
  958      8.4379     21.4405     22.4701      0.1283      43      0.9112
  959      8.8529     21.3022     22.6097      0.7251      43      0.8964
  960      8.8529     21.4405     23.3075      0.4098      43      0.9233
  961      8.5762     24.2071     19.3997      0.2099      25      0.8985
  962      8.4379     24.7604     18.0040      0.0733      25      0.9144
  963      8.9912     24.3454     19.1205      0.3832      25      0.9134
  964      8.8529      0.0000     18.1436      0.2366      25      0.9350
  965      8.9912      0.0000     19.5392      0.2047      25      0.9437
  966      8.9912      0.5533     18.7018      0.2014      25      0.9071
  967     12.3110      4.1498     31.8210      0.4018     104      0.5025
  968      8.8529      4.1498     18.8414      0.3581      97      0.5561
  969      8.9912      4.2881     22.4701      0.1264      27      0.9112
  970      8.8529      7.6079     18.7018      0.2022      33      0.9070
  971      8.8529      8.2996     18.1436      0.2388      33      0.9350
  972      8.9912      8.2996     19.5392      0.2046      33      0.9437
  973      8.8529      8.5762     27.9132      0.1798      37      0.9408
  974      8.8529      8.9912     18.7018      0.1230      33      0.9070
  975      8.7145     12.1727     27.2154      0.3571     109      0.5023
  976      8.9912     12.7260     27.3549      0.9680     109      0.5193
  977      8.9912     12.5877     22.4701      0.1291      35      0.9112
  978      8.8529     15.9075     18.7018      0.2028      41      0.9070
  979      8.8529     16.5991     18.1436      0.2417      41      0.9350
  980      8.9912     16.5991     19.5392      0.2055      41      0.9437
  981      8.8529     17.2907     18.7018      0.1228      41      0.9071
  982      8.8529     24.2071     18.7018      0.1004      25      0.9070
  983      8.9912      0.2767     19.3997      0.3555      25      0.8985
  984     12.3110      4.5648     31.5419      3.0047     104      0.5125
  985      8.9912      8.0229     19.3997      0.2772      33      0.8985
  986      8.9912      8.5762     19.3997      0.2884      33      0.8985
  987      9.1295     12.3110     31.9606      0.3924      39      0.9296
  988      8.9912     16.3225     19.3997      0.2098      41      0.8985
  989      8.9912     16.8758     19.3997      0.3570      41      0.8985
  990     12.4493     20.3339     31.5419      2.7788     120      0.5286
  991     12.4493     21.3022     31.6815      3.7745     120      0.5104
  992      8.9912     24.3454     18.7018      0.1015      25      0.9070
  993      8.9912     24.6220     19.3997      0.2093      25      0.8985
  994     13.8326     14.1093     41.0324      2.4363     152      1.1638
  995     11.8960      3.7348     18.2831      0.6199      28      0.9249
  996     11.3427     16.7374     31.4023      0.1932      46      0.9508
  997     11.7577     17.2907     31.8210      0.8434      46      0.9131
  998     12.1727      7.6079     31.8210      0.5019      38      0.9166
  999     11.6194      8.2996     31.5419      0.2715      38      0.9274
 1000     11.8960     16.1841     31.9606      1.3223      46      0.9356
 1001     15.3542      3.8731     36.7059      1.9870     147      1.1840
 1002     11.8960      4.1498     18.1436      0.2370      28      0.9350
 1003     12.0344      8.7145     31.9606      1.5921      38      0.9089
 1004     12.0344     20.1956     18.2831      0.5578      44      0.9249
 1005     12.3110      3.7348     31.6815      1.1758     104      0.5172
 1006     11.8960      4.5648     18.2831      0.6953      28      0.9249
 1007     11.8960      8.1612     31.9606      0.0795      38      0.9043
 1008     11.8960     12.4493     18.1436      0.2355      36      0.9350
 1009     11.8960     21.1639     18.2831      0.7004      44      0.9249
 1010     14.9392      5.6714     36.1476      0.7400     147      1.2430
 1011     13.8326      6.6396     36.0080      0.9209     146      1.2742
 1012     12.7260      8.0229     36.9850      1.5688     146      1.1585
 1013     11.8960     20.7489     18.1436      0.2384      44      0.9350
 1014     12.0344      0.1383     31.8210      0.5992      30      0.9100
 1015     11.8960      7.8846     31.8210      0.1799      38      0.8982
 1016     12.0344     11.8960     18.2831      0.5614      36      0.9249
 1017     12.0344     13.0026     18.2831      0.6547      36      0.9249
 1018     11.8960      3.4582     19.1205      0.4638      28      0.9134
 1019     11.7577      4.7031     19.1205      0.3819      28      0.9134
 1020     11.7577     20.1956     19.1205      0.4603      44      0.9134
 1021     12.0344     24.7604     31.8210      0.9364      30      0.9139
 1022     12.5877      0.5533     31.8210      0.3495      30      0.9231
 1023     12.0344      8.0229     18.8414      1.6271     106      0.5018
 1024     11.8960      7.7463     27.0758      4.0931     110      0.5076
 1025     11.8960     11.7577     19.1205      0.4529      36      0.9134
 1026     11.7577     13.0026     19.1205      0.4505      36      0.9134
 1027     12.3110     16.5991     32.2397      0.4179      46      0.9297
 1028     11.7577     17.4291     31.5419      0.2487      46      0.8964
 1029     11.7577     21.3022     19.1205      0.3808      44      0.9134
 1030     11.7577     21.3022     18.7018      0.2039      44      0.9070
 1031     12.1727     24.4837     18.8414      1.9949      98      0.5018
 1032     11.8960     24.4837     26.9362      5.0493     102      0.4918
 1033     11.8960     24.7604     30.4254      0.9145      30      0.9260
 1034     12.5877      4.0115     18.0040      0.5267      28      0.9144
 1035     11.7577      4.7031     18.7018      0.2020      28      0.9070
 1036     11.8960      7.6079     31.2628      0.2403      38      0.9270
 1037     11.8960      8.0229     23.7262      0.6715      34      0.9187
 1038     12.1727      8.8529     30.7045      0.6232      38      0.9013
 1039     11.8960      8.5762     30.7045      0.4585      38      0.9202
 1040     12.0344     11.6194     27.7736      0.7000      40      0.9011
 1041     11.8960      8.9912     31.2628      0.1454      38      0.9387
 1042     12.3110     11.6194     28.0528      0.9638      40      0.8969
 1043     12.0344     12.4493     31.9606      3.3298     112      0.5172
 1044     11.7577     11.8960     18.7018      0.1233      36      0.9070
 1045     11.8960     16.0458     27.2154      4.3120     118      0.5115
 1046     11.8960     16.1841     30.7045      1.3001      46      0.9205
 1047     11.6194     16.5991     30.7045      0.3010      46      0.9224
 1048     12.1727     17.1524     23.7262      1.1042      42      0.9187
 1049     11.8960     17.2907     30.7045      0.6622      46      0.9146
 1050     12.5877     20.6106     18.0040      0.4703      44      0.9144
 1051     11.8960      0.5533     22.6097      1.3502      26      0.8964
 1052     11.8960     24.2071     23.3075      0.5541      26      0.9232
 1053     11.7577      0.5533     23.3075      0.3878      26      0.9232
 1054     12.1727      0.5533     23.7262      0.8628      26      0.9187
 1055     11.8960      0.4150     30.5650      1.0473      30      0.9136
 1056     12.4493      3.5965     31.4023      1.8374     104      0.5208
 1057     11.7577      3.8731     19.3997      0.2895      28      0.8985
 1058     11.8960      4.7031     19.3997      1.2167      28      0.9299
 1059     11.7577      3.5965     18.7018      0.1226      28      0.9070
 1060     11.7577      8.1612     22.4701      0.1251      34      0.9112
 1061     11.8960      7.7463     22.6097      1.0120      34      0.8964
 1062     11.8960      7.6079     23.3075      0.5542      34      0.9232
 1063     11.8960      7.7463     23.5867      0.0804      34      0.9505
 1064     11.8960      7.7463     30.9837      0.4671      38      0.8936
 1065     11.7577      8.4379     22.4701      0.3951      34      0.9112
 1066     11.8960      8.7145     22.4701      1.0749      34      0.9006
 1067     11.7577      8.8529     23.3075      0.2208      34      0.9232
 1068     12.1727      8.8529     23.7262      0.7499      34      0.9187
 1069     12.5877      8.4379     27.3549      1.9852     110      0.5182
 1070     11.7577     12.1727     19.3997      0.3602      36      0.8985
 1071     12.0344     11.6194     27.2154      0.3772      40      0.8993
 1072     12.0344     12.8643     27.9132      1.2152      40      0.9418
 1073     12.4493     13.0026     31.8210      1.7260     112      0.5152
 1074     11.8960     13.0026     19.3997      0.7420      36      0.9299
 1075     11.8960     13.1410     18.7018      0.1223      36      0.9070
 1076     12.1727     12.8643     23.1680      1.6990     108      0.5132
 1077     11.8960     16.0458     22.6097      1.1016      42      0.8964
 1078     11.7577     16.4608     22.4701      0.1263      42      0.9112
 1079     11.7577     16.0458     23.3075      0.4100      42      0.9232
 1080     11.8960     16.3225     23.7262      0.3985      42      0.9187
 1081     11.8960     17.1524     22.6097      1.3636      42      0.8964
 1082     10.7894     16.3225     39.0785      0.0649     151      0.0767
 1083     11.7577     17.1524     23.3075      0.1909      42      0.9232
 1084     12.4493     16.5991     24.0054      0.1855      42      0.9583
 1085     12.3110     16.8758     27.2154      0.4102     118      0.5245
 1086     11.8960     20.0573     18.7018      0.1217      44      0.9070
 1087     11.7577     20.4722     19.3997      0.3582      44      0.8985
 1088     12.0344     19.7806     27.3549      0.3379      48      0.9340
 1089     12.0344     19.9189     27.6341      0.5789      48      0.8983
 1090     12.3110     19.9189     27.9132      0.6058      48      0.9017
 1091     11.7577     21.0256     19.3997      0.2113      44      0.8985
 1092     12.0344     24.3454     22.4701      1.0194      26      0.9006
 1093     11.7577     24.7604     22.4701      0.2214      26      0.9112
 1094     12.0344     24.3454     30.5650      1.4053      30      0.9136
 1095     12.1727     24.3454     23.7262      0.5659      26      0.9186
 1096     12.1727      0.4150     18.8414      1.1555      98      0.5019
 1097     12.3110     24.7604     31.9606      0.3544      30      0.9276
 1098     12.1727      3.4582     19.3997      0.2101      28      0.8985
 1099     12.1727      3.3198     26.9362      0.4124      32      0.9013
 1100     12.0344      3.3198     27.3549      0.3399      32      0.9388
 1101     12.7260      0.0000     27.0758      1.2239     102      0.5222
 1102     11.8960      3.5965     19.3997      0.3458      28      0.9299
 1103     12.1727      3.7348     23.1680      0.9120     100      0.5132
 1104     12.3110      3.5965     26.5175      0.7768      32      0.9183
 1105     12.1727      3.3198     27.6341      1.2819      32      0.9218
 1106     12.1727      4.5648     23.1680      1.6374     100      0.5132
 1107     11.7577      4.1498     19.5392      0.2029      28      0.9436
 1108     11.8960      4.1498     23.0284      0.2984     100      0.5536
 1109     12.0344      4.5648     27.4945      1.3605      32      0.9121
 1110     12.0344      3.8731     27.9132      0.1524      32      0.9357
 1111     12.0344      4.5648     27.0758      0.7747      32      0.8997
 1112     12.1727      7.7463     30.7045      0.3123      38      0.8916
 1113     11.8960      8.0229     30.7045      0.2691      38      0.9155
 1114     12.0344      8.5762     18.8414      1.0615     106      0.5018
 1115     12.4493      8.8529     18.8414      0.4810     106      0.5561
 1116     12.4493      8.2996     24.0054      0.1897      34      0.9583
 1117     11.8960      8.9912     23.3075      0.1913      34      0.9232
 1118     12.1727     11.7577     19.3997      0.2929      36      0.8985
 1119     11.8960     11.8960     19.3997      0.3372      36      0.9299
 1120     12.1727     12.0344     23.1680      0.9483     108      0.5132
 1121     12.0344     11.7577     26.9362      1.2707      40      0.9409
 1122     11.8960     11.6194     27.4945      0.0685      40      0.9546
 1123     11.7577     12.4493     19.5392      0.2000      36      0.9436
 1124     11.8960     12.4493     23.0284      0.3016     108      0.5536
 1125     12.0344     12.8643     27.0758      0.7844      40      0.9393
 1126     11.8960     12.8643     27.4945      0.5227      40      0.9424
 1127     12.1727     13.1410     19.3997      0.3582      36      0.8985
 1128     13.0026     16.0458     22.6097      1.8354      42      0.8964
 1129     12.0344     16.3225     18.8414      1.9877     114      0.5018
 1130     11.7577     16.0458     31.5419      0.0957      46      0.9040
 1131     12.3110     16.3225     26.6571      0.4335     118      0.5229
 1132     12.0344     16.8758     18.8414      1.1551     114      0.5019
 1133     12.7260     16.5991     27.0758      1.4348     118      0.4998
 1134     12.1727     20.0573     19.3997      0.2097      44      0.8985
 1135     12.7260     20.0573     19.3997      0.3584      44      0.8985
 1136     12.1727     20.0573     26.6571      0.5926      48      0.9022
 1137     12.0344     19.9189     26.9362      0.6974      48      0.9068
 1138     12.3110     17.4291     30.7045      0.5963      46      0.9234
 1139     11.8960     20.1956     19.3997      0.3424      44      0.9299
 1140     12.1727     20.3339     23.1680      0.9462     116      0.5131
 1141     12.5877     20.6106     26.3780      0.2799      48      0.9282
 1142     12.1727     21.1639     23.1680      1.6993     116      0.5132
 1143     11.8960     20.7489     23.0284      0.3062     116      0.5536
 1144     12.0344     21.1639     27.4945      1.5652      48      0.9322
 1145     11.7577     20.7489     19.5392      0.2027      44      0.9436
 1146     12.0344     21.0256     27.7736      0.5020      48      0.9431
 1147     11.8960     21.3022     19.3997      0.5365      44      0.9299
 1148     12.1727     21.4405     19.3997      0.2779      44      0.8985
 1149     12.3110     24.3454     22.3306      0.2403      26      0.9157
 1150     11.8960     24.3454     23.5867      0.0811      26      0.9505
 1151     16.0458      4.5648     34.8915      2.0680     147      1.2121
 1152     12.4493      0.5533     18.8414      0.8431      98      0.5562
 1153     12.3110      0.6916     22.4701      0.2148      26      0.9112
 1154     12.5877      0.6916     30.4254      0.1602      30      0.9403
 1155     12.4493      4.1498     23.5867      0.3368     100      0.5396
 1156     12.3110      4.2881     18.0040      0.0790      28      0.9144
 1157     12.5877      3.7348     26.3780      0.3516      32      0.9203
 1158     12.1727      4.5648     27.7736      0.2258      32      0.9372
 1159     12.1727      7.7463     26.7967      0.3751     110      0.5167
 1160     13.0026      7.7463     22.6097      1.4439      34      0.8964
 1161     12.4493      7.7463     18.8414      0.3621     106      0.5561
 1162     12.5877      7.7463     30.5650      0.5353      38      0.9329
 1163     12.3110      8.9912     22.4701      0.1226      34      0.9112
 1164     12.4493      8.9912     30.7045      0.3056      38      0.9335
 1165     12.4493     12.1727     18.0040      0.5898      36      0.9351
 1166     12.1727     16.0458     30.7045      0.2888      46      0.9378
 1167     12.1727     16.0458     23.7262      0.2866      42      0.9187
 1168     12.4493     17.1524     18.8414      0.8416     114      0.5561
 1169     12.5877     17.2907     22.4701      0.2858      42      0.9112
 1170     12.0344     20.7489     26.6571      0.2099      48      0.9209
 1171     12.0344     20.7489     27.9132      0.1595      48      0.9058
 1172     12.5877     24.3454     31.8210      0.2284      30      0.9384
 1173     12.5877      7.6079     31.9606      0.1770      38      0.9403
 1174     12.3110      7.6079     22.4701      0.1269      34      0.9112
 1175     13.0026      8.2996     18.8414      0.8258     106      0.5561
 1176     12.4493     12.4493     23.5867      0.1841     108      0.5396
 1177     12.0344     12.4493     26.7967      0.0785      40      0.9250
 1178     12.3110     15.9075     22.4701      0.1249      42      0.9112
 1179     12.3110     20.8872     18.0040      0.1385      44      0.9144
 1180     12.3110     21.0256     26.6571      0.2318      48      0.8997
 1181     12.5877     24.2071     22.4701      0.2817      26      0.9112
 1182     12.4493      0.0000     24.0054      0.1820      26      0.9583
 1183     12.7260      3.4582     19.3997      0.3632      28      0.8985
 1184     13.0026      0.5533     22.6097      1.7149      26      0.8965
 1185     13.0026      0.6916     30.7045      1.5982      30      0.9013
 1186     12.7260      3.7348     23.1680      1.5849     100      0.5132
 1187     12.7260      4.5648     26.5175      0.2116      32      0.9439
 1188     13.1410      8.8529     31.6815      1.6281      38      0.9125
 1189     12.7260     11.7577     19.3997      0.2831      36      0.8985
 1190     13.0026      8.8529     22.6097      1.9052      34      0.8964
 1191     12.7260     12.0344     23.1680      1.6018     108      0.5132
 1192     12.7260     20.3339     23.1680      1.6101     116      0.5132
 1193     12.3110     16.0458     31.9606      0.1583      46      0.9456
 1194     12.3110     17.4291     31.9606      0.1814      46      0.9384
 1195     13.0026     21.0256     26.6571      0.7564      48      0.9101
 1196     12.4493      3.5965     23.0284      0.3086     100      0.5536
 1197     13.0026      4.4264     26.5175      0.5341      32      0.9180
 1198     12.4493      4.5648     27.9132      0.0787      32      0.9109
 1199     12.4493     11.8960     23.0284      0.3168     108      0.5536
 1200     12.3110     17.2907     22.4701      0.2205      42      0.9112
 1201     12.4493     20.1956     18.1436      0.2397      44      0.9350
 1202     12.5877     19.7806     27.9132      0.2279      48      0.9391
 1203     12.4493     20.7489     23.5867      0.2009     116      0.5396
 1204     12.7260      0.4150     18.8414      1.0534      98      0.5019
 1205     12.4493      3.4582     19.5392      0.2025      28      0.9437
 1206     13.2793      4.5648     27.6341      1.6802      32      0.9082
 1207     12.4493      4.8414     19.5392      0.2028      28      0.9437
 1208     12.4493      4.7031     23.0284      0.3021     100      0.5536
 1209     12.8643      8.0229     18.8414      1.1856     106      0.5019
 1210     12.8643      8.5762     18.8414      1.0395     106      0.5019
 1211     12.4493     11.7577     19.5392      0.2206      36      0.9436
 1212     12.8643     13.1410     35.8685      2.1252     154      0.0701
 1213     12.7260     12.8643     26.7967      0.2634      40      0.9338
 1214     12.4493     13.1410     19.5392      0.2066      36      0.9437
 1215     12.4493     13.0026     23.0284      0.3143     108      0.5536
 1216     12.8643     16.8758     18.8414      1.0484     114      0.5019
 1217     12.4493     20.0573     19.5392      0.2022      44      0.9436
 1218     12.4493     20.1956     23.0284      0.3026     116      0.5536
 1219     12.7260     21.1639     26.6571      0.2449      48      0.9350
 1220     12.4493     21.4405     19.5392      0.2035      44      0.9437
 1221     12.4493     21.3022     23.0284      0.3085     116      0.5537
 1222     13.0026      0.2767     31.8210      0.6846      30      0.9176
 1223     12.4493      3.5965     18.1436      0.2377      28      0.9350
 1224     12.4493      4.7031     18.1436      0.2381      28      0.9350
 1225     12.4493     13.0026     18.1436      0.2881      36      0.9350
 1226     12.5877     12.8643     28.1923      0.2387      40      0.9314
 1227     12.4493     21.3022     18.1436      0.2355      44      0.9350
 1228     12.8643     19.0890     36.4267      0.1777     150      1.1436
 1229     12.4493     11.8960     18.1436      0.3076      36      0.9350
 1230     12.8643     16.3225     18.8414      1.1883     114      0.5019
 1231     12.5877     17.4291     31.8210      0.4599      46      0.8999
 1232     12.7260     24.4837     18.8414      1.0735      98      0.5018
 1233     12.7260      4.1498     31.6815      0.1705     104      0.5110
 1234     12.7260      4.5648     23.1680      0.9567     100      0.5132
 1235     12.7260      4.8414     19.3997      0.2887      28      0.8985
 1236     13.0026     16.3225     23.7262      0.9020      42      0.9187
 1237     12.8643     16.1841     30.8441      1.2005      46      0.9323
 1238     13.2793     21.0256     27.6341      1.5771      48      0.8997
 1239     12.7260     21.4405     19.3997      0.2893      44      0.8985
 1240     13.0026     24.3454     22.6097      1.2909      26      0.8964
 1241     12.8643      7.8846     30.5650      0.6221      38      0.9235
 1242     12.3110     16.7374     31.2628      0.1752      46      0.0624
 1243     13.0026     20.3339     18.2831      0.6234      44      0.9249
 1244     13.0026     17.1524     22.6097      1.2682      42      0.8964
 1245     12.7260     24.7604     31.9606      0.1332      30      0.9183
 1246     12.4493      0.0000     23.0284      0.1822      26      0.0186
 1247     12.4493      4.1498     18.8414      0.1743      28      0.0559
 1248     13.0026      3.7348     18.2831      0.5639      28      0.9249
 1249     12.4493      8.2996     23.0284      0.1822      34      0.0186
 1250     12.8643     11.8960     18.2831      0.5713      36      0.9249
 1251     12.4493     12.4493     18.8414      0.1763      36      0.0559
 1252     12.4493     16.5991     23.0284      0.1822      42      0.0186
 1253     12.4493     18.1207     36.0080      0.0672     150      0.0663
 1254     12.4493     20.7489     18.8414      0.1744      44      0.0559
 1255     12.7260      0.1383     31.9606      0.0578      30      0.9144
 1256     12.5877      0.0000     31.1232      0.1754      30      0.0701
 1257     13.0026      7.6079     31.6815      1.1214      38      0.9125
 1258     12.5877      8.2996     31.2628      0.1763      38      0.0885
 1259     12.8643      8.8529     30.7045      0.5560      38      0.9006
 1260     13.0026     11.8960     19.3997      0.4224      36      0.9299
 1261     12.5877     12.3110     27.4945      0.1737      40      0.0646
 1262     13.0026     21.3022     19.3997      0.5072      44      0.9299
 1263     12.7260     24.3454     23.7262      0.8020      26      0.9187
 1264     12.7260      4.0115     27.2154      0.1805      32      0.0618
 1265     12.8643      4.7031     18.2831      0.6178      28      0.9249
 1266     12.5877      8.1612     26.7967      0.1953     110      0.5025
 1267     13.0026     12.8643     26.9362      1.0523      40      0.9151
 1268     12.5877     20.4722     27.3549      0.1796      48      0.0821
 1269     12.8643      7.4696     36.0080      0.0676     146      0.0887
 1270     12.8643     13.5559     40.6137      0.0674     152      0.0584
 1271     12.5877     16.1841     31.9606      0.5055      46      0.8993
 1272     12.8643     16.1841     31.8210      0.1815      46      0.9439
 1273     13.0026     16.7374     30.7045      0.1756      46      0.9425
 1274     12.7260     17.2907     30.7045      0.7138      46      0.9334
 1275     12.8643     17.2907     31.8210      1.0118      46      0.9382
 1276     13.1410     24.3454     30.7045      1.2927      30      0.9053
 1277     13.0026     24.6220     31.8210      0.8693      30      0.9254
 1278     12.5877     24.7604     26.7967      0.3817     102      0.5176
 1279     12.7260      0.5533     23.7262      0.6949      26      0.9187
 1280     13.1410      0.5533     23.3075      0.2819      26      0.9233
 1281     13.1410      3.5965     19.1205      0.4579      28      0.9134
 1282     13.0026      3.5965     19.3997      0.3794      28      0.9299
 1283     13.0026      4.1498     23.0284      0.2911     100      0.5536
 1284     13.0026      4.7031     19.3997      0.3456      28      0.9299
 1285     13.1410      4.7031     19.1205      0.4649      28      0.9134
 1286     13.0026      7.6079     23.3075      0.5642      34      0.9232
 1287     13.0026      8.0229     23.7262      0.5487      34      0.9187
 1288     13.0026      8.5762     23.7262      0.7791      34      0.9187
 1289     13.1410      8.8529     23.3075      0.2831      34      0.9233
 1290     13.0026     11.7577     19.1205      0.4469      36      0.9134
 1291     12.8643     12.4493     31.9606      1.5755     112      0.5198
 1292     13.0026     13.0026     19.3997      0.4312      36      0.9299
 1293     13.0026     12.4493     23.0284      0.3085     108      0.5536
 1294     12.7260     12.8643     23.1680      0.9463     108      0.5132
 1295     12.8643     13.0026     18.2831      0.6300      36      0.9249
 1296     12.7260     13.1410     19.3997      0.2091      36      0.8985
 1297     13.1410     13.0026     19.1205      0.4559      36      0.9135
 1298     13.1410     16.0458     23.3075      0.3937      42      0.9232
 1299     13.0026     16.5991     18.8414      0.3612     114      0.5561
 1300     12.8643     16.4608     31.9606      0.1541      46      0.9042
 1301     13.0026     16.8758     23.7262      0.3464      42      0.9187
 1302     12.7260     17.1524     23.7262      0.2541      42      0.9187
 1303     13.1410     17.1524     23.3075      0.3675      42      0.9233
 1304     13.5559     18.3974     36.4267      1.1551     150      1.1800
 1305     13.4176     18.6740     36.4267      0.6995     150      1.1695
 1306     13.1410     20.1956     19.1205      0.4579      44      0.9134
 1307     13.0026     20.1956     19.3997      0.3478      44      0.9299
 1308     13.0026     20.7489     23.0284      0.3046     116      0.5536
 1309     12.7260     21.1639     23.1680      0.9456     116      0.5132
 1310     13.0026     21.1639     18.2831      0.6218      44      0.9250
 1311     13.0026     21.4405     19.1205      0.4625      44      0.9135
 1312     13.0026     24.2071     23.3075      0.4128      26      0.9232
 1313     13.0026      0.0000     18.8414      0.4633      98      0.5561
 1314     13.1410      3.5965     18.7018      0.1234      28      0.9070
 1315     13.0026      4.1498     18.1436      0.2380      28      0.9350
 1316     13.1410      4.1498     19.5392      0.2030      28      0.9437
 1317     13.1410      4.7031     18.7018      0.1227      28      0.9070
 1318     13.2793      4.5648     26.7967      0.6962      32      0.9470
 1319     13.1410      7.6079     31.4023      0.2338      38      0.9278
 1320     13.1410      8.1612     22.4701      0.1246      34      0.9112
 1321     13.1410      8.5762     30.7045      0.2257      38      0.9189
 1322     13.1410     11.6194     27.9132      0.6867      40      0.9257
 1323     13.1410     11.7577     26.9362      0.6967      40      0.9122
 1324     13.2793     11.6194     27.4945      0.6509      40      0.9191
 1325     13.1410     11.8960     18.7018      0.1207      36      0.9070
 1326     13.0026     12.4493     18.1436      0.2354      36      0.9350
 1327     13.2793     12.7260     27.9132      1.2029      40      0.9214
 1328     13.1410     12.4493     19.5392      0.2016      36      0.9437
 1329     13.1410     13.0026     18.7018      0.1255      36      0.9071
 1330     12.7260     16.1841     26.9362      0.0798     118      0.5155
 1331     13.0026     17.2907     31.1232      0.0675      46      0.9208
 1332     13.2793     19.9189     27.6341      0.8370      48      0.9169
 1333     13.1410     19.9189     26.7967      0.4421      48      0.9051
 1334     13.2793     19.9189     26.9362      0.3830      48      0.9253
 1335     13.1410     20.1956     18.7018      0.1241      44      0.9070
 1336     13.0026     20.7489     18.1436      0.2396      44      0.9350
 1337     13.1410     20.7489     19.5392      0.2032      44      0.9437
 1338     13.2793     21.1639     27.3549      0.4062      48      0.9311
 1339     13.1410     21.3022     18.7018      0.1232      44      0.9071
 1340     13.2793     21.0256     26.9362      0.3045      48      0.9082
 1341     13.1410     24.2071     30.9837      0.2536      30      0.9310
 1342     15.9075      4.0115     32.1002      0.2979      55      0.9273
 1343     13.2793      3.3198     27.4945      1.0280      32      0.9139
 1344     13.2793      3.4582     26.7967      0.3963      32      0.9104
 1345     13.2793      3.4582     27.7736      0.2161      32      0.9387
 1346     13.1410      3.8731     19.3997      0.3633      28      0.8985
 1347     13.1410      4.4264     19.3997      0.2094      28      0.8985
 1348     13.4176      4.5648     27.3549      0.3841      32      0.9349
 1349     13.1410      8.0229     30.7045      0.4413      38      0.9142
 1350     13.1410      8.9912     31.4023      0.1307      38      0.9394
 1351     13.1410     12.1727     19.3997      0.3588      36      0.8985
 1352     13.1410     12.7260     19.3997      0.2103      36      0.8985
 1353     13.2793     12.8643     27.6341      0.4565      40      0.9176
 1354     13.2793     19.7806     27.3549      0.2423      48      0.9519
 1355     13.1410     20.4722     19.3997      0.3594      44      0.8985
 1356     13.1410     21.0256     19.3997      0.2089      44      0.8985
 1357     13.2793     24.7604     30.5650      0.1878      30      0.9112
 1358     13.2793      3.3198     27.0758      0.2903      32      0.9015
 1359     13.2793     20.3339     26.6571      0.0817      48      0.9144
 1360     15.9075      3.5965     31.8210      0.9471      55      0.9208
 1361     16.0458     16.1841     18.2831      0.6227      65      0.9249
 1362     16.1841      0.1383     31.8210      0.6310     127      0.5138
 1363     16.0458      8.9912     18.7018      0.1228      57      0.9070
 1364     16.0458     17.0141     18.2831      0.5566      65      0.9249
 1365     16.0458      8.2996     18.1436      0.2382      57      0.9350
 1366     16.0458      0.0000     18.1436      0.2377      49      0.9350
 1367     16.0458     24.4837     18.2831      0.6218      49      0.9249
 1368     16.1841      0.5533     18.2831      0.6370      49      0.9249
 1369     16.0458     16.5991     18.1436      0.2392      65      0.9350
 1370     15.6308      4.0115     31.5419      0.3383      55      0.9341
 1371     16.0458      4.8414     31.6815      0.8598      55      0.8991
 1372     15.9075      7.7463     19.1205      0.4579      57      0.9134
 1373     16.0458      8.7145     18.2831      0.6362      57      0.9249
 1374     17.2907     12.5877     34.7519      2.0357     148      1.2111
 1375     16.0458     15.9075     19.1205      0.4629      65      0.9134
 1376     15.9075      0.5533     18.7018      0.1226      49      0.9070
 1377     16.5991      4.1498     32.3793      0.2927      55      0.9358
 1378     16.0458      7.8846     18.2831      0.5584      57      0.9249
 1379     15.9075      8.8529     19.1205      0.4540      57      0.9134
 1380     16.5991     13.0026     35.5893      0.0942     148      1.1764
 1381     16.7374     12.8643     36.5663      1.3062     148      1.1724
 1382     16.4608      0.4150     31.8210      0.9710     127      0.5158
 1383     15.9075      0.5533     19.1205      0.4543      49      0.9134
 1384     15.7692      0.8300     27.6341      0.5396      53      0.9214
 1385     15.7692      0.8300     27.0758      1.1818      53      0.9238
 1386     15.6308      9.1295     27.4945      1.1134      61      0.9245
 1387     15.7692      9.1295     27.7736      0.5001      61      0.9278
 1388     16.0458     12.3110     31.9606      0.4789      63      0.9239
 1389     15.9075     24.3454     19.1205      0.4601      49      0.9134
 1390     16.3225     24.4837     31.8210      0.7307     127      0.5192
 1391     15.9075     24.6220     27.9132      1.1752      53      0.9096
 1392     15.7692     24.4837     27.2154      0.4421      53      0.9280
 1393     15.9075     24.6220     26.7967      1.3010      53      0.9145
 1394     15.7692      0.5533     27.9132      0.2637      53      0.9098
 1395     15.7692      8.0229     27.7736      1.7951      61      0.8941
 1396     15.7692      8.0229     26.7967      1.3375      61      0.9237
 1397     15.7692      8.8529     26.6571      0.4338      61      0.9128
 1398     16.7374     12.5877     32.2397      0.3512      63      0.9271
 1399     15.9075     16.0458     18.7018      0.1237      65      0.9070
 1400     15.7692     16.1841     27.6341      1.8312      69      0.9138
 1401     15.9075     17.4291     27.6341      0.6477      69      0.9049
 1402     15.7692     17.4291     27.3549      0.4777      69      0.9319
 1403     15.9075     17.4291     26.9362      0.4274      69      0.9180
 1404     16.0458     17.2907     19.1205      0.4593      65      0.9134
 1405     16.0458     24.2071     18.7018      0.1235      49      0.9070
 1406     16.5991      5.2564     36.7059      1.5309     147      1.1499
 1407     16.1841     13.0026     31.8210      0.9523      63      0.9040
 1408     15.9075     16.1841     26.7967      1.6491      69      0.9076
 1409     15.9075      0.2767     19.3997      0.3602      49      0.8985
 1410     16.3225      0.4150     23.0284      1.6512     123      0.4991
 1411     16.3225     24.4837     23.1680      0.9948     123      0.5131
 1412     16.5991      0.0000     23.5867      0.2131     123      0.5396
 1413     16.0458      3.5965     22.6097      1.9084      51      0.8964
 1414     15.9075      3.5965     23.3075      0.1875      51      0.9232
 1415     16.0458      3.8731     23.7262      0.9190      51      0.9187
 1416     15.9075      3.4582     31.5419      0.1604      55      0.9404
 1417     16.0458      3.4582     31.1232      0.3291      55      0.9052
 1418     15.9075      4.7031     31.1232      0.9045      55      0.9160
 1419     16.0458      4.4264     23.7262      0.6577      51      0.9187
 1420     15.9075      4.2881     22.4701      0.1256      51      0.9112
 1421     16.0458      4.7031     22.6097      1.0685      51      0.8964
 1422     15.9075      4.7031     23.3075      0.3829      51      0.9232
 1423     16.7374      7.8846     31.6815      3.0457     135      0.5063
 1424     15.9075      8.0229     19.3997      0.2920      57      0.8985
 1425     16.0458      7.6079     18.7018      0.1236      57      0.9070
 1426     15.9075      8.5762     19.3997      0.2818      57      0.8985
 1427     16.3225      8.2996     30.9837      0.1646     135      0.5330
 1428     16.1841      8.5762     23.1680      1.4195     131      0.5132
 1429     16.0458     11.8960     22.6097      1.7147      59      0.8964
 1430     16.0458     11.7577     23.3075      0.3935      59      0.9232
 1431     16.1841     12.0344     30.7045      0.6455      63      0.9073
 1432     16.3225     11.8960     23.7262      0.3468      59      0.9187
 1433     16.4608     12.3110     27.3549      2.4494     133      0.4926
 1434     15.7692     12.4493     31.4023      0.2939      63      0.9341
 1435     16.0458     12.1727     23.7262      0.1604      59      0.9187
 1436     16.0458     12.3110     30.7045      0.4066      63      0.9114
 1437     16.1841     12.8643     23.7262      1.2359      59      0.8976
 1438     16.1841     13.0026     22.4701      1.7042      59      0.9007
 1439     15.9075     13.0026     23.3075      0.1888      59      0.9232
 1440     16.1841     12.8643     30.7045      0.6204      63      0.9052
 1441     17.0141     13.0026     26.9362      4.2008     133      0.4902
 1442     16.3225     12.8643     18.8414      1.2625     129      0.5019
 1443     16.3225     16.1841     23.1680      1.0751     139      0.5132
 1444     16.7374     16.1841     31.5419      2.0614     143      0.5037
 1445     15.9075     16.3225     19.3997      0.2093      65      0.8985
 1446     16.3225     16.3225     31.6815      1.3197     143      0.4979
 1447     16.5991     17.1524     31.4023      1.6847     143      0.5350
 1448     15.9075     16.8758     19.3997      0.3588      65      0.8985
 1449     16.1841     16.5991     30.9837      0.1199     143      0.5344
 1450     16.3225     17.0141     23.1680      1.4137     139      0.5132
 1451     16.5991     16.8758     18.0040      0.4650      65      0.9351
 1452     15.9075     17.1524     18.7018      0.1239      65      0.9070
 1453     16.5991     17.0141     31.6815      0.5065     143      0.5087
 1454     17.0141     17.4291     27.4945      1.3712      69      0.9320
 1455     15.9075     20.3339     30.7045      0.8700      71      0.9115
 1456     16.1841     20.0573     30.7045      0.9564      71      0.8974
 1457     16.1841     20.4722     18.8414      0.5913     137      0.5018
 1458     16.0458     20.1956     22.6097      1.7215      67      0.8964
 1459     16.0458     20.0573     23.3075      0.2694      67      0.9232
 1460     16.1841     20.3339     31.8210      0.6990      71      0.9336
 1461     16.3225     20.1956     23.7262      0.6412      67      0.9186
 1462     16.0458     20.7489     31.8210      0.3921      71      0.9255
 1463     16.3225     21.3022     23.7262      0.9478      67      0.9187
 1464     16.0458     21.3022     30.7045      1.0085      71      0.9063
 1465     16.5991     20.7489     27.6341      0.3995     141      0.5137
 1466     16.1841     21.0256     31.8210      0.6604      71      0.8955
 1467     16.0458     21.3022     22.6097      1.2834      67      0.8964
 1468     16.0458     21.4405     23.3075      0.2991      67      0.9232
 1469     15.9075     20.8872     30.5650      0.0711      71      0.9103
 1470     16.3225     20.7489     27.0758      1.6888     141      0.5223
 1471     15.7692     24.4837     27.4945      0.0919      53      0.9268
 1472     15.9075     24.6220     19.3997      0.2096      49      0.8985
 1473     15.9075      0.0000     19.5392      0.2031      49      0.9436
 1474     16.0458      0.0000     23.0284      0.3066     123      0.5536
 1475     16.0458      0.5533     19.3997      0.3823      49      0.9299
 1476     16.3225      0.6916     19.3997      0.3594      49      0.8985
 1477     16.3225      4.1498     27.2154      2.3683     125      0.5124
 1478     16.1841      3.8731     18.8414      1.4889     121      0.5018
 1479     16.1841      3.7348     30.7045      0.1433      55      0.9189
 1480     16.0458      4.1498     18.8414      0.4092     121      0.5561
 1481     15.9075      3.8731     30.8441      0.1560      55      0.9192
 1482     16.1841      4.4264     18.8414      1.1485     121      0.5018
 1483     16.1841      4.7031     30.8441      0.4300      55      0.9037
 1484     16.3225      7.6079     19.3997      0.3574      57      0.8985
 1485     17.1524      4.7031     27.2154      3.3296     125      0.4937
 1486     16.0458      7.7463     19.3997      0.3443      57      0.9299
 1487     16.1841      8.0229     23.1680      0.9468     131      0.5132
 1488     16.3225      8.5762     26.3780      0.2885      61      0.9351
 1489     15.9075      8.2996     19.5392      0.2037      57      0.9436
 1490     16.0458      8.2996     23.0284      0.3048     131      0.5536
 1491     16.0458      8.8529     19.3997      0.3462      57      0.9299
 1492     16.3225      8.9912     19.3997      0.3596      57      0.8985
 1493     16.7374      8.7145     31.6815      1.3704     135      0.5305
 1494     16.3225     12.0344     18.8414      1.3491     129      0.5018
 1495     16.1841     11.8960     31.8210      1.2185      63      0.9068
 1496     16.0458     12.4493     18.8414      0.4819     129      0.5561
 1497     16.0458     12.5877     30.7045      0.0791      63      0.9107
 1498     16.3225     15.9075     19.3997      0.2892      65      0.8985
 1499     17.1524     13.1410     31.6815      0.4729      63      0.8990
 1500     16.0458     16.0458     19.3997      0.5077      65      0.9299
 1501     15.9075     16.5991     19.5392      0.2026      65      0.9436
 1502     16.0458     16.5991     23.0284      0.2974     139      0.5536
 1503     16.0458     17.1524     19.3997      0.3464      65      0.9299
 1504     16.0458     17.2907     26.6571      0.2931      69      0.9153
 1505     16.3225     17.2907     19.3997      0.3618      65      0.8985
 1506     16.0458     20.7489     18.8414      0.9471     137      0.5561
 1507     15.9075     20.1956     31.2628      0.0612      71      0.9105
 1508     16.3225     21.1639     18.8414      1.0668     137      0.5019
 1509     16.4608     20.8872     26.7967      0.4743     141      0.5237
 1510     16.0458     21.4405     30.9837      0.2589      71      0.9250
 1511     17.1524     21.1639     26.9362      4.1145     141      0.4983
 1512     16.5991     24.3454     31.6815      2.2103     127      0.5175
 1513     16.3225     24.2071     19.3997      0.2085      49      0.8985
 1514     16.0458     24.3454     19.3997      0.3435      49      0.9299
 1515     16.4608      0.1383     18.0040      0.5262      49      0.9144
 1516     16.5991      3.5965     18.8414      0.3809     121      0.5561
 1517     17.0141      3.5965     30.8441      1.2014      55      0.9310
 1518     17.0141      4.4264     18.8414      1.9903     121      0.5019
 1519     17.1524      4.7031     31.8210      1.0288      55      0.9076
 1520     16.7374      8.2996     30.8441      0.3669     135      0.5345
 1521     16.3225      8.2996     18.0040      0.4480      57      0.9351
 1522     16.7374     11.7577     30.7045      0.2837      63      0.9306
 1523     16.5991     11.8960     18.8414      0.4958     129      0.5561
 1524     16.8758     11.8960     23.7262      0.8386      59      0.9187
 1525     16.4608     12.4493     30.4254      0.1570      63      0.9294
 1526     16.8758     12.5877     30.4254      0.2716      63      0.9252
 1527     16.5991     13.0026     18.8414      0.3671     129      0.5561
 1528     16.3225     20.3339     18.8414      0.4346     137      0.5018
 1529     16.5991     20.1956     18.8414      0.4877     137      0.5561
 1530     16.8758     21.1639     18.8414      1.9897     137      0.5019
 1531     16.4608     21.4405     22.4701      0.3871      67      0.9112
 1532     17.2907      4.2881     22.4701      0.4016      51      0.9112
 1533     17.0141      8.0229     23.1680      1.7114     131      0.5132
 1534     17.0141      8.5762     23.1680      1.1331     131      0.5132
 1535     16.8758     15.9075     19.3997      0.2779      65      0.8985
 1536     16.8758     16.1841     23.1680      1.5671     139      0.5132
 1537     17.1524     24.3454     19.3997      1.2980      49      0.9299
 1538     16.4608     21.4405     30.5650      0.2466      71      0.9051
 1539     16.4608      4.8414     22.4701      0.2846      51      0.9112
 1540     17.1524      4.4264     23.7262      1.1609      51      0.9187
 1541     16.5991      8.2996     23.5867      0.2025     131      0.5396
 1542     16.8758      8.8529     26.6571      1.0301      61      0.9078
 1543     16.8758      9.1295     27.7736      1.4797      61      0.9229
 1544     16.5991     12.3110     32.2397      0.0449      63      0.9325
 1545     16.3225     16.0458     27.9132      0.2378      69      0.9360
 1546     16.8758     17.0141     23.1680      1.1200     139      0.5132
 1547     17.0141     21.4405     30.7045      0.8482      71      0.9010
 1548     16.8758     24.4837     23.1680      1.6118     123      0.5132
 1549     16.7374     13.1410     30.7045      0.3276      63      0.9272
 1550     17.0141     16.1841     26.9362      0.7704      69      0.9083
 1551     17.0141     17.2907     27.7736      0.6049      69      0.9409
 1552     16.3225     20.6106     31.9606      0.2132      71      0.9199
 1553     16.8758      0.8300     27.9132      1.5870      53      0.9343
 1554     15.7692      4.8414     36.0080      0.0651     147      0.0925
 1555     16.7374      4.8414     22.4701      0.2177      51      0.9112
 1556     16.4608      4.7031     30.7045      0.2435      55      0.9366
 1557     16.5991      7.7463     23.0284      0.2975     131      0.5536
 1558     16.8758      7.8846     27.6341      1.5351      61      0.9196
 1559     16.3225      4.8414     31.9606      0.0809      55      0.9029
 1560     16.7374     11.7577     22.4701      0.2166      59      0.9112
 1561     16.5991     16.0458     23.0284      0.3090     139      0.5536
 1562     16.7374     13.1410     31.9606      0.1902      63      0.9395
 1563     16.5991     17.1524     23.0284      0.3111     139      0.5536
 1564     16.8758     20.1956     23.7262      1.1350      67      0.9187
 1565     16.7374     21.3022     22.3306      0.1323      67      0.9158
 1566     16.7374     21.3022     31.8210      0.2783      71      0.9266
 1567     16.5991     24.3454     23.0284      0.3043     123      0.5536
 1568     17.0141     24.4837     27.6341      1.7189      53      0.9246
 1569     16.7374      0.4150     31.8210      1.4379     127      0.4969
 1570     16.5991      0.6916     19.5392      0.2028      49      0.9437
 1571     16.5991      0.5533     23.0284      0.3082     123      0.5537
 1572     17.0141      0.6916     26.7967      1.5690      53      0.9394
 1573     16.5991      0.5533     18.1436      0.2383      49      0.9350
 1574     16.5991      7.6079     19.5392      0.2022      57      0.9436
 1575     16.5991      8.9912     19.5392      0.2030      57      0.9437
 1576     16.5991      8.8529     23.0284      0.3035     131      0.5536
 1577     17.9824     11.8960     36.7059      0.9700     148      1.1417
 1578     16.8758     12.0344     18.8414      1.3626     129      0.5019
 1579     16.5991     16.0458     18.1436      0.2353      65      0.9350
 1580     17.0141     12.8643     30.5650      1.1689      63      0.9189
 1581     16.5991     15.9075     19.5392      0.2029      65      0.9436
 1582     17.0141     16.0458     27.3549      0.6788      69      0.9325
 1583     16.7374     16.4608     18.0040      0.1416      65      0.9144
 1584     16.5991     17.2907     19.5392      0.2014      65      0.9437
 1585     17.0141     21.1639     31.8210      0.5717      71      0.9259
 1586     16.5991     24.2071     19.5392      0.2035      49      0.9436
 1587     16.5991      7.7463     18.1436      0.2378      57      0.9350
 1588     17.2907      4.5648     31.1232      0.4691      55      0.9129
 1589     17.1524      7.7463     19.3997      0.7449      57      0.9299
 1590     17.1524      8.8529     19.3997      0.5071      57      0.9299
 1591     16.4608     17.4291     26.6571      0.1559      69      0.9382
 1592     16.5991     17.1524     18.1436      0.2387      65      0.9350
 1593     17.1524     20.1956     22.6097      1.5690      67      0.8964
 1594     16.4608     20.1956     31.8210      0.1054      71      0.9122
 1595     17.0141     20.4722     18.8414      1.0656     137      0.5019
 1596     17.0141      3.8731     18.8414      1.1655     121      0.5019
 1597     16.5991      8.8529     18.1436      0.2362      57      0.9350
 1598     16.5991     12.4493     24.0054      0.1875      59      0.9583
 1599     16.5991     16.5991     23.5867      0.2307     139      0.5396
 1600     16.5991     24.3454     18.1436      0.2379      49      0.9350
 1601     16.5991      3.4582     32.1002      0.0929      55      0.9445
 1602     16.3225      8.5762     27.3549      0.1786      61      0.0507
 1603     17.1524     16.1841     18.2831      0.6967      65      0.9249
 1604     16.7374     17.2907     26.6571      0.4786      69      0.9049
 1605     16.4608      0.2767     27.3549      0.1758      53      0.0614
 1606     16.8758      3.5965     23.7262      0.3926      51      0.9187
 1607     17.0141      3.4582     31.8210      1.7728      55      0.9033
 1608     16.5991      4.1498     24.0054      0.1792      51      0.9583
 1609     18.2590     11.7577     36.4267      1.0933     148      1.1845
 1610     17.0141      9.1295     27.4945      0.5375      61      0.9183
 1611     16.4608     16.7374     27.3549      0.1767      69      0.0776
 1612     16.5991     20.7489     24.0054      0.1807      67      0.9583
 1613     17.2907     21.0256     30.5650      0.7074      71      0.9031
 1614     17.1524     24.4837     18.2831      0.6968      49      0.9249
 1615     16.5991      0.0000     18.8414      0.1753      49      0.0559
 1616     16.5991      4.1498     23.0284      0.1822      51      0.0186
 1617     16.5991      4.1498     31.4023      0.1752      55      0.0652
 1618     17.1524      4.5648     22.4701      1.0080      51      0.9007
 1619     16.5991      8.2996     18.8414      0.1763      57      0.0559
 1620     17.1524     11.7577     31.6815      0.4292      63      0.9024
 1621     17.1524      8.7145     18.2831      0.6226      57      0.9250
 1622     16.5991     12.4493     23.0284      0.1822      59      0.0186
 1623     17.0141     16.1841     27.6341      1.1142      69      0.8951
 1624     16.5991     16.5991     18.8414      0.1743      65      0.0559
 1625     17.0141     17.1524     18.2831      0.6231      65      0.9250
 1626     16.8758     17.4291     26.9362      0.4354      69      0.9035
 1627     16.5991     20.7489     23.0284      0.1822      67      0.0186
 1628     16.5991     20.7489     31.1232      0.1802      71      0.0401
 1629     17.0141     24.4837     27.0758      0.3930      53      0.9270
 1630     16.7374     24.7604     18.0040      0.0788      49      0.9144
 1631     16.7374      5.2564     35.5893      0.0534     147      1.1691
 1632     17.1524      7.8846     18.2831      0.6957      57      0.9249
 1633     16.8758     12.8643     18.8414      0.7917     129      0.5019
 1634     16.7374     12.4493     31.2628      0.1752      63      0.0714
 1635     17.1524     16.0458     19.3997      0.5325      65      0.9299
 1636     18.5357     13.5559     36.0080      0.9226     148      1.2588
 1637     16.7374     16.4608     31.8210      0.8672     143      0.5172
 1638     19.3656     14.6626     36.0080      0.8435     149      1.3138
 1639     19.7806     16.4608     36.7059      1.1167     149      1.1309
 1640     16.8758     20.8872     31.9606      0.1659      71      0.9090
 1641     16.8758     21.3022     23.7262      0.6704      67      0.9187
 1642     17.0141     24.7604     26.7967      0.4890      53      0.9014
 1643     17.0141      3.8731     30.7045      0.3366      55      0.9119
 1644     16.8758      8.0229     26.7967      0.5001      61      0.9187
 1645     16.8758      8.4379     31.8210      0.2774     135      0.5089
 1646     20.1956     16.1841     34.8915      0.8031     149      1.1875
 1647     19.5040     16.5991     35.7289      0.1096     149      1.1529
 1648     17.0141     21.3022     22.4701      1.0116      67      0.9007
 1649     17.0141      0.9683     27.3549      0.3219      53      0.9464
 1650     17.0141      8.0229     27.0758      0.1745      61      0.8972
 1651     17.0141      7.8846     27.3549      0.1463      61      0.9566
 1652     17.0141      8.0229     31.6815      1.2866     135      0.5209
 1653     17.0141      8.5762     26.6571      0.1078      61      0.9504
 1654     17.0141     12.0344     30.5650      0.5058      63      0.9209
 1655     17.1524      0.0000     23.0284      0.3018     123      0.5536
 1656     17.1524      0.0000     31.6815      0.6104     127      0.5214
 1657     17.1524      0.5533     19.3997      0.3459      49      0.9299
 1658     17.0141      0.2767     23.1680      0.9442     123      0.5132
 1659     17.0141      0.1383     28.0528      0.2124      53      0.9209
 1660     17.1524      0.4150     18.2831      0.5580      49      0.9250
 1661     16.8758      0.6916     19.3997      0.2099      49      0.8985
 1662     17.1524      0.6916     19.1205      0.4598      49      0.9135
 1663     17.1524      3.5965     22.6097      1.0610      51      0.8964
 1664     16.7374      3.4582     22.4701      0.1224      51      0.9112
 1665     17.2907      3.5965     23.3075      0.4102      51      0.9232
 1666     17.1524      3.8731     23.7262      0.3637      51      0.9187
 1667     17.1524      4.4264     30.8441      0.3318      55      0.8978
 1668     17.1524      4.8414     31.4023      0.4595      55      0.9273
 1669     17.1524      4.8414     23.3075      0.1906      51      0.9233
 1670     16.7374      8.1612     18.0040      0.1492      57      0.9144
 1671     17.2907      7.7463     19.1205      0.4083      57      0.9134
 1672     17.1524      8.2996     23.0284      0.3065     131      0.5536
 1673     17.0141      8.4379     27.9132      0.0626      61      0.9195
 1674     16.8758      8.9912     19.3997      0.2097      57      0.8985
 1675     17.1524      8.9912     19.1205      0.4288      57      0.9135
 1676     17.0141      9.1295     27.0758      0.1667      61      0.9308
 1677     17.1524     11.8960     22.6097      1.4509      59      0.8964
 1678     17.2907     11.8960     23.3075      0.4085      59      0.9232
 1679     17.1524     11.8960     23.5867      0.0825      59      0.9505
 1680     17.1524     13.0026     22.6097      0.9973      59      0.8964
 1681     17.1524     12.4493     18.8414      0.4722     129      0.5561
 1682     16.8758     13.0026     23.7262      0.3090      59      0.9187
 1683     16.7374     13.1410     22.4701      0.1254      59      0.9112
 1684     17.2907     13.0026     23.3075      0.6779      59      0.9233
 1685     17.2907     16.0458     19.1205      0.3818      65      0.9134
 1686     17.1524     16.5991     23.0284      0.2983     139      0.5536
 1687     17.1524     17.1524     19.3997      0.3450      65      0.9299
 1688     16.8758     17.2907     19.3997      0.2106      65      0.8985
 1689     17.2907     17.1524     19.1205      0.4610      65      0.9135
 1690     17.1524     20.1956     30.5650      1.2552      71      0.9216
 1691     17.0141     20.3339     31.8210      0.4607      71      0.9089
 1692     17.2907     20.1956     23.3075      0.1906      67      0.9232
 1693     17.2907     20.8872     22.4701      0.2234      67      0.9112
 1694     17.1524     20.8872     31.8210      0.4369      71      0.9057
 1695     17.1524     21.3022     23.5867      0.0810      67      0.9506
 1696     17.1524     21.4405     23.3075      0.4120      67      0.9233
 1697     17.1524     24.2071     19.1205      0.3798      49      0.9134
 1698     17.1524      0.0000     18.1436      0.2394      49      0.9350
 1699     17.2907      0.0000     19.5392      0.2032      49      0.9437
 1700     17.2907      0.5533     18.7018      0.1228      49      0.9071
 1701     17.2907      4.0115     22.4701      0.1260      51      0.9112
 1702     17.2907      4.4264     27.2154      0.9751     125      0.5114
 1703     17.1524      4.2881     32.1002      0.1162      55      0.9020
 1704     17.2907      7.7463     18.7018      0.1713      57      0.9070
 1705     17.1524      8.2996     18.1436      0.2399      57      0.9350
 1706     17.2907      8.2996     19.5392      0.2040      57      0.9437
 1707     17.2907      8.8529     18.7018      0.1557      57      0.9071
 1708     17.2907     11.7577     31.4023      0.3589      63      0.9147
 1709     17.4291     12.0344     31.6815      0.3704      63      0.9132
 1710     17.2907     12.7260     31.9606      0.2372      63      0.9112
 1711     17.2907     12.5877     22.4701      0.1228      59      0.9112
 1712     17.4291     12.8643     31.6815      0.7839      63      0.9111
 1713     17.1524     15.9075     18.7018      0.1010      65      0.9070
 1714     17.1524     16.5991     18.1436      0.2372      65      0.9350
 1715     17.2907     16.5991     19.5392      0.2029      65      0.9437
 1716     17.2907     17.1524     18.7018      0.1229      65      0.9071
 1717     17.1524     20.4722     31.8210      0.4041      71      0.9285
 1718     17.2907     20.7489     30.4254      0.1338      71      0.9474
 1719     17.2907     24.3454     18.7018      0.2008      49      0.9070
 1720     17.2907      0.2767     19.3997      0.2894      49      0.8985
 1721     17.1524      3.4582     31.2628      0.0488      55      0.9245
 1722     17.2907      8.0229     19.3997      0.3581      57      0.8985
 1723     17.2907      8.5762     19.3997      0.2090      57      0.8985
 1724     20.3339     11.8960     18.2831      0.6215      60      0.9249
 1725     17.2907     11.8960     30.8441      0.1000      63      0.9421
 1726     17.2907     12.1727     30.7045      0.1347      63      0.9000
 1727     17.2907     13.1410     31.4023      0.2026      63      0.9113
 1728     17.2907     16.0458     18.7018      0.1017      65      0.9070
 1729     17.2907     16.3225     19.3997      0.2111      65      0.8985
 1730     17.2907     16.8758     19.3997      0.3586      65      0.8985
 1731     20.0573     17.1524     31.6815      1.0565      70      0.9152
 1732     17.2907     21.3022     30.8441      0.2585      71      0.9135
 1733     20.1956     12.8643     18.2831      0.6895      60      0.9249
 1734     17.7057     12.7260     35.8685      0.0673     148      0.0931
 1735     20.1956     16.1841     36.9850      0.2249     149      1.1234
 1736     20.1956     21.1639     18.2831      0.6258      68      0.9249
 1737     20.1956     12.4493     18.1436      0.2378      60      0.9350
 1738     20.1956     20.7489     18.1436      0.2389      68      0.9350
 1739     20.3339      3.5965     18.2831      0.6225      52      0.9249
 1740     20.1956      4.7031     18.4227      0.6948      52      0.9151
 1741     20.1956      4.1498     18.1436      0.2355      52      0.9350
 1742     20.1956     20.3339     18.2831      0.6905      68      0.9249
 1743     20.6106     20.3339     31.8210      2.2683     144      0.5033
 1744     20.1956     13.1410     19.1205      0.4604      60      0.9134
 1745     20.0573      3.5965     19.1205      0.4641      52      0.9134
 1746     20.1956      4.8414     19.1205      0.3883      52      0.9134
 1747     20.0573      4.7031     18.7018      0.0999      52      0.9070
 1748     20.4722      8.7145     18.8414      1.1569     130      0.5019
 1749     20.1956     11.7577     18.7018      0.1227      60      0.9070
 1750     20.0573     13.0026     18.7018      0.1244      60      0.9070
 1751     20.3339     15.9075     37.1246      0.2934     149      1.1808
 1752     20.1956     20.0573     19.1205      0.3837      68      0.9134
 1753     20.7489     21.3022     31.8210      2.9039     144      0.5209
 1754     20.0573     21.3022     19.1205      0.3844      68      0.9134
 1755     20.1956     21.4405     18.7018      0.2012      68      0.9070
 1756     20.1956      3.4582     18.7018      0.1221      52      0.9070
 1757     20.0573     11.8960     19.1205      0.4638      60      0.9134
 1758     20.0573     16.0458     31.4023      0.5083      70      0.9421
 1759     20.0573     16.4608     31.9606      0.2155      70      0.9207
 1760     20.1956     16.0458     31.8210      0.6775      70      0.9314
 1761     20.3339     16.8758     18.8414      1.7722     138      0.5018
 1762     20.1956      7.7463     27.0758      3.7437     134      0.5220
 1763     20.3339     16.3225     18.8414      0.7692     138      0.5018
 1764     20.0573     20.1956     18.7018      0.2018      68      0.9070
 1765     20.0573     24.6220     27.2154      2.3507     126      0.5078
 1766     20.1956     24.4837     26.9362      1.7469     126      0.5312
 1767     20.0573     24.7604     30.5650      0.3444      54      0.9315
 1768     20.1956     24.3454     30.7045      1.2064      54      0.9130
 1769     20.1956      0.5533     30.7045      0.8794      54      0.9144
 1770     20.8872      4.0115     18.0040      0.5408      52      0.9144
 1771     20.3339      4.5648     27.9132      1.5645      56      0.9110
 1772     20.3339      7.6079     30.5650      1.7153      62      0.9382
 1773     20.4722      7.7463     23.7262      0.7528      58      0.9187
 1774     20.1956     16.0458     27.2154      3.8491     142      0.5292
 1775     20.6106     20.8872     18.0040      0.1545      68      0.9144
 1776     20.1956      0.5533     22.6097      1.6820      50      0.8964
 1777     20.1956     24.6220     23.7262      0.7922      50      0.9186
 1778     20.4722      0.5533     23.7262      0.8261      50      0.9187
 1779     20.1956      0.0000     31.8210      0.6342      54      0.9117
 1780     20.0573      0.5533     23.3075      0.3950      50      0.9232
 1781     20.3339      0.4150     31.8210      0.3790      54      0.9273
 1782     20.1956      0.6916     30.9837      0.2553      54      0.9222
 1783     20.4722      3.4582     26.7967      1.3544      56      0.9007
 1784     20.3339      3.3198     27.6341      0.2245      56      0.9097
 1785     21.0256      0.0000     27.2154      1.0989     126      0.5007
 1786     20.6106      0.1383     27.6341      0.1864     126      0.4993
 1787     20.0573      3.8731     19.3997      0.3560      52      0.8985
 1788     19.9189      4.1498     27.3549      0.2639      56      0.9362
 1789     20.3339      3.4582     27.9132      0.8164      56      0.9316
 1790     20.6106      3.4582     28.0528      0.5437      56      0.9097
 1791     20.7489      3.5965     31.6815      1.4853     128      0.5248
 1792     20.4722      3.7348     31.8210      0.7511     128      0.5190
 1793     20.3339      4.0115     31.8210      0.4588     128      0.4891
 1794     20.3339      4.2881     31.8210      0.7897     128      0.5058
 1795     20.1956      4.7031     19.3997      0.9027      52      0.9299
 1796     20.6106      4.2881     18.0040      0.0707      52      0.9144
 1797     20.6106      4.5648     31.8210      1.1199     128      0.5011
 1798     20.3339      7.7463     22.4701      1.0106      58      0.9006
 1799     20.3339      4.5648     26.7967      0.3043      56      0.9467
 1800     20.0573      8.2996     30.5650      0.5150      62      0.9215
 1801     20.1956      8.8529     22.6097      1.5756      58      0.8964
 1802     20.1956      7.6079     23.3075      0.4111      58      0.9232
 1803     20.4722      8.1612     26.6571      0.3548     134      0.5393
 1804     20.3339      7.8846     31.8210      1.0323      62      0.9213
 1805     20.1956      8.7145     30.5650      0.3509      62      0.9495
 1806     20.0573      8.8529     23.3075      0.3845      58      0.9232
 1807     20.4722      8.8529     23.7262      0.8365      58      0.9187
 1808     20.7489      8.2996     24.0054      0.1815      58      0.9583
 1809     20.6106      8.4379     26.7967      2.1505     134      0.5042
 1810     20.3339     12.1727     23.1680      0.9520     132      0.5131
 1811     20.3339     11.6194     26.9362      0.6123      64      0.9281
 1812     20.3339     11.6194     27.4945      1.6608      64      0.9246
 1813     20.0573     12.1727     19.3997      0.2900      60      0.8985
 1814     20.0573     12.7260     19.3997      0.2786      60      0.8985
 1815     20.6106     12.5877     18.0040      0.3144      60      0.9144
 1816     20.3339     13.0026     27.2154      0.6638      64      0.9237
 1817     20.6106     12.4493     31.6815      3.3853     136      0.4962
 1818     20.0573     16.4608     22.4701      0.1249      66      0.9112
 1819     20.1956     16.0458     22.6097      1.0081      66      0.8964
 1820     20.1956     15.9075     23.3075      0.4113      66      0.9232
 1821     20.1956     16.3225     23.7262      0.4009      66      0.9186
 1822     20.1956     16.0458     31.1232      1.1977      70      0.8919
 1823     20.1956     17.1524     22.6097      1.6840      66      0.8964
 1824     20.1956     16.5991     30.7045      0.2386      70      0.9245
 1825     20.4722     17.1524     23.7262      1.1403      66      0.9187
 1826     20.0573     17.1524     23.3075      0.1907      66      0.9232
 1827     20.8872     16.7374     27.4945      2.8205     142      0.5138
 1828     20.3339     20.0573     27.9132      1.6752      72      0.9388
 1829     20.3339     20.4722     23.1680      1.0881     140      0.5131
 1830     20.1956     19.9189     27.3549      0.1872      72      0.9520
 1831     20.8872     17.5674     31.5419      0.3641      70      0.9295
 1832     20.0573     20.4722     19.3997      0.2084      68      0.8985
 1833     20.3339     20.0573     26.7967      1.6740      72      0.9424
 1834     20.4722     17.2907     31.9606      0.2282      70      0.8903
 1835     20.0573     21.0256     19.3997      0.3572      68      0.8985
 1836     20.1956     24.3454     22.6097      1.0071      50      0.8964
 1837     20.3339     24.6220     18.8414      1.1443     122      0.5018
 1838     20.0573     24.7604     22.4701      0.1284      50      0.9112
 1839     20.0573     24.3454     23.3075      0.4108      50      0.9232
 1840     20.1956     24.3454     27.2154      0.2126     126      0.5333
 1841     20.1956     24.2071     30.9837      0.2508      54      0.9205
 1842     20.3339     24.4837     31.8210      0.5577      54      0.9263
 1843     20.7489      0.0000     24.0054      0.1753      50      0.9583
 1844     20.1956      0.0000     18.8414      0.4887     122      0.5561
 1845     20.3339      0.2767     18.8414      1.0594     122      0.5019
 1846     20.7489      0.5533     18.8414      0.6116     122      0.5562
 1847     20.4722      3.4582     19.3997      0.2098      52      0.8985
 1848     20.7489      0.2767     27.0758      0.4427     126      0.5014
 1849     20.6106      0.6916     30.5650      0.4564      54      0.9096
 1850     20.1956      3.5965     19.3997      0.3450      52      0.9299
 1851     20.4722      3.7348     23.1680      0.6202     124      0.5132
 1852     20.3339      3.8731     23.1680      0.4589     124      0.5132
 1853     20.4722      4.5648     23.1680      1.5901     124      0.5132
 1854     20.0573      4.1498     19.5392      0.2038      52      0.9436
 1855     20.1956      4.1498     23.0284      0.3059     124      0.5536
 1856     20.1956      4.8414     18.7018      0.1036      52      0.9070
 1857     20.3339      4.7031     27.0758      0.5355      56      0.9019
 1858     20.4722      4.8414     19.3997      0.2084      52      0.8985
 1859     20.6106      7.6079     22.4701      0.1306      58      0.9112
 1860     20.4722      7.8846     18.8414      1.4258     130      0.5018
 1861     20.0573      8.1612     22.4701      0.2174      58      0.9112
 1862     20.1956      8.1612     31.8210      0.1948      62      0.9429
 1863     20.3339      8.5762     31.8210      0.8806      62      0.9300
 1864     20.4722      8.8529     30.5650      1.2862      62      0.8937
 1865     20.4722     11.7577     19.3997      0.2898      60      0.8985
 1866     20.4722     11.8960     26.5175      0.5396      64      0.9176
 1867     20.1956     11.8960     19.3997      0.4302      60      0.9299
 1868     20.3339     12.1727     26.5175      0.1583      64      0.9193
 1869     20.1956     12.4493     23.0284      0.3019     132      0.5536
 1870     20.3339     12.4493     27.9132      0.3177      64      0.9186
 1871     20.0573     12.4493     19.5392      0.2023      60      0.9436
 1872     20.3339     12.7260     23.1680      1.6309     132      0.5132
 1873     20.3339     12.8643     27.6341      1.4662      64      0.9188
 1874     20.1956     13.0026     19.3997      0.4295      60      0.9299
 1875     20.3339     12.8643     26.7967      0.3835      64      0.9240
 1876     20.4722     13.1410     19.3997      0.2789      60      0.8985
 1877     20.6106     15.9075     22.4701      0.1270      66      0.9112
 1878     20.1956     16.5991     18.8414      0.6236     138      0.5561
 1879     20.1956     17.2907     31.1232      0.2749      70      0.9139
 1880     20.4722     17.1524     30.7045      0.2580      70      0.9253
 1881     21.0256     17.1524     30.7045      0.4809      70      0.9078
 1882     20.4722     17.2907     30.8441      0.2425      70      0.9129
 1883     20.4722     20.0573     19.3997      0.2096      68      0.8985
 1884     20.1956     20.1956     19.3997      0.5110      68      0.9299
 1885     20.3339     21.0256     23.1680      1.4851     140      0.5132
 1886     20.1956     20.7489     23.0284      0.3132     140      0.5536
 1887     20.0573     20.7489     19.5392      0.2059      68      0.9436
 1888     20.3339     21.0256     27.9132      1.2655      72      0.9373
 1889     20.3339     21.0256     26.7967      0.4523      72      0.9408
 1890     20.1956     21.3022     19.3997      0.7426      68      0.9299
 1891     20.1956     21.1639     27.3549      0.2204      72      0.9501
 1892     20.6106     24.3454     31.8210      0.3165      54      0.9041
 1893     20.1956      4.2881     26.7967      0.1447      56      0.9149
 1894     20.4722      7.6079     27.2154      0.4116     134      0.5388
 1895     20.7489      8.8529     18.8414      0.8403     130      0.5561
 1896     20.3339     12.4493     26.5175      0.0854      64      0.9272
 1897     20.8872     12.4493     30.7045      0.3623     136      0.5464
 1898     20.4722     16.0458     23.7262      0.2894      66      0.9187
 1899     20.7489     16.0458     18.8414      0.3710     138      0.5561
 1900     20.7489     16.5991     24.0054      0.1739      66      0.9583
 1901     20.8872     20.3339     31.8210      1.4280     144      0.5038
 1902     20.3339     20.7489     28.0528      0.0994      72      0.9287
 1903     20.3339     21.1639     27.0758      0.2801      72      0.8958
 1904     20.7489     24.3454     18.8414      0.3583     122      0.5561
 1905     21.3022      0.0000     18.8414      0.9295     122      0.5562
 1906     20.7489      0.0000     26.7967      0.4315     126      0.5056
 1907     20.8872      7.6079     22.4701      0.3875      58      0.9112
 1908     21.0256      7.8846     18.8414      1.6431     130      0.5019
 1909     21.1639     12.1727     23.1680      1.5853     132      0.5132
 1910     20.7489     12.4493     23.5867      0.3606     132      0.5396
 1911     21.3022     16.0458     22.6097      1.6699      66      0.8964
 1912     21.3022     16.5991     18.8414      0.7503     138      0.5562
 1913     20.6106     20.6106     18.0040      0.0716      68      0.9144
 1914     21.1639     21.0256     23.0284      1.3899     140      0.4991
 1915     20.6106     24.2071     30.5650      0.2280      54      0.9078
 1916     20.8872     24.2071     22.4701      0.2861      50      0.9112
 1917     20.6106     24.2071     22.4701      0.2208      50      0.9112
 1918     20.7489      0.4150     31.9606      0.2752      54      0.9322
 1919     21.0256      3.4582     19.3997      0.3613      52      0.8985
 1920     21.3022      0.5533     22.6097      1.7197      50      0.8965
 1921     21.1639      7.7463     31.8210      0.7812      62      0.9338
 1922     21.3022      8.8529     22.6097      1.7197      58      0.8964
 1923     21.0256     20.0573     19.3997      0.3609      68      0.8985
 1924     21.3022     17.1524     22.6097      1.7162      66      0.8965
 1925     21.1639     20.4722     23.0284      1.2267     140      0.4991
 1926     20.7489      3.5965     18.1436      0.2405      52      0.9350
 1927     21.0256      3.7348     23.0284      1.4339     124      0.4991
 1928     21.0256      4.5648     31.8210      1.4488     128      0.5258
 1929     20.6106      4.7031     26.7967      0.2801      56      0.9254
 1930     20.7489      4.7031     18.1436      0.2376      52      0.9350
 1931     21.0256      4.8414     19.3997      0.3572      52      0.8985
 1932     20.7489      8.8529     30.4254      0.2877      62      0.9284
 1933     20.7489     21.3022     18.1436      0.2382      68      0.9350
 1934     21.4405     21.0256     26.7967      1.4125      72      0.9080
 1935     21.0256     24.3454     31.8210      0.4596      54      0.9182
 1936     20.7489      3.4582     26.6571      0.2883      56      0.9296
 1937     20.7489      3.5965     23.0284      0.3119     124      0.5536
 1938     21.0256     11.7577     19.3997      0.2784      60      0.8985
 1939     21.0256     20.7489     18.0040      0.3787      68      0.9351
 1940     20.4722      0.1383     31.9606      0.1220      54      0.9017
 1941     21.0256      0.5533     31.8210      0.2662      54      0.9195
 1942     20.7489      3.4582     19.5392      0.2018      52      0.9437
 1943     20.7489      4.1498     23.5867      0.2165     124      0.5396
 1944     20.7489      4.8414     19.5392      0.2048      52      0.9437
 1945     20.7489      4.7031     23.0284      0.3116     124      0.5536
 1946     20.4722      8.1612     31.9606      0.2678      62      0.9221
 1947     21.0256      8.7145     18.8414      1.0516     130      0.5019
 1948     20.7489     11.7577     19.5392      0.2017      60      0.9436
 1949     20.7489     11.8960     23.0284      0.2916     132      0.5536
 1950     20.7489     13.0026     18.1436      0.2355      60      0.9350
 1951     20.7489     12.8643     26.5175      0.0834      64      0.9266
 1952     20.7489     13.1410     19.5392      0.2025      60      0.9437
 1953     20.7489     13.0026     23.0284      0.2945     132      0.5536
 1954     20.8872     15.9075     31.9606      0.3523      70      0.9265
 1955     21.1639     16.3225     18.8414      1.3661     138      0.5019
 1956     20.1956     15.6308     36.0080      0.0653     149      0.0756
 1957     20.7489     20.0573     19.5392      0.2022      68      0.9436
 1958     20.7489     20.1956     23.0284      0.3037     140      0.5536
 1959     20.7489     20.7489     23.5867      0.2155     140      0.5396
 1960     20.8872     21.1639     28.0528      0.2522      72      0.9323
 1961     20.7489     21.4405     19.5392      0.2009      68      0.9437
 1962     20.7489     21.3022     23.0284      0.3059     140      0.5537
 1963     21.0256     21.4405     19.3997      0.3580      68      0.8985
 1964     21.1639     24.6220     18.8414      1.0769     122      0.5019
 1965     20.7489     11.8960     18.1436      0.2377      60      0.9350
 1966     20.8872     12.3110     18.0040      0.2264      60      0.9144
 1967     20.7489     16.0458     30.7045      0.1990      70      0.9388
 1968     20.8872     17.2907     32.1002      0.1264      70      0.9388
 1969     20.7489     20.1956     18.1436      0.2341      68      0.9350
 1970     21.3022      4.5648     18.2831      0.6223      52      0.9250
 1971     21.3022      7.7463     22.6097      0.7984      58      0.8964
 1972     21.0256     13.1410     19.3997      0.2906      60      0.8985
 1973     21.1639     16.8758     18.8414      0.9314     138      0.5019
 1974     21.3022     24.6220     23.7262      0.8112      50      0.9187
 1975     21.3022     24.3454     22.6097      1.0790      50      0.8964
 1976     20.7489      0.0000     23.0284      0.1822      50      0.0186
 1977     20.7489      0.0000     31.1232      0.1849      54      0.0385
 1978     21.1639      0.2767     18.8414      0.9122     122      0.5019
 1979     20.7489      4.1498     18.8414      0.1753      52      0.0559
 1980     20.7489      7.8846     31.9606      0.1709      62      0.9234
 1981     20.7489      8.2996     23.0284      0.1822      58      0.0186
 1982     20.7489     12.4493     18.8414      0.1743      60      0.0559
 1983     21.3022     12.7260     26.5175      0.6361      64      0.9163
 1984     21.3022     16.3225     23.7262      1.0768      66      0.9187
 1985     20.7489     16.5991     23.0284      0.1822      66      0.0186
 1986     20.7489     16.5991     31.4023      0.1762      70      0.0633
 1987     20.7489     20.7489     18.8414      0.1753      68      0.0559
 1988     21.3022     21.1639     18.2831      0.5622      68      0.9250
 1989     20.8872      4.0115     27.3549      0.1776      56      0.0530
 1990     21.1639      3.5965     18.2831      0.5577      52      0.9249
 1991     21.1639      4.5648     28.0528      0.3319      56      0.9135
 1992     21.0256      7.7463     23.7262      1.0959      58      0.9187
 1993     20.7489      8.1612     31.1232      0.1773      62      0.0814
 1994     21.3022     11.8960     19.3997      0.4952      60      0.9299
 1995     20.8872     12.3110     27.2154      0.1814      64      0.0387
 1996     21.4405     16.0458     31.5419      0.7883      70      0.9064
 1997     21.3022     20.3339     18.2831      0.6292      68      0.9249
 1998     20.8872     20.6106     27.3549      0.1758      72      0.0731
 1999     21.0256      4.5648     26.6571      0.2582      56      0.9213
 2000     21.1639     11.8960     18.2831      0.5622      60      0.9249
 2001     20.8872     12.5877     18.0040      0.0704      60      0.9144
 2002     21.3022     12.8643     18.2831      0.6238      60      0.9250
 2003     20.8872     24.7604     27.6341      0.1924     126      0.5229
 2004     21.3022      4.5648     26.7967      1.0360      56      0.9168
 2005     21.3022      0.2767     31.8210      0.8668      54      0.9076
 2006     21.4405     24.7604     22.4701      0.2150      50      0.9112
 2007     21.4405     24.6220     30.5650      0.4721      54      0.9050
 2008     21.0256      0.5533     23.7262      0.3952      50      0.9187
 2009     21.3022      0.5533     30.5650      0.4076      54      0.9428
 2010     21.3022      0.6916     23.3075      0.3569      50      0.9233
 2011     21.4405      0.5533     30.8441      0.4546      54      0.9025
 2012     21.4405      3.4582     26.9362      0.7224      56      0.9375
 2013     21.4405      3.5965     19.1205      0.4584      52      0.9135
 2014     21.3022      3.5965     19.3997      0.3428      52      0.9299
 2015     21.3022      4.1498     23.0284      0.3089     124      0.5537
 2016     21.0256      4.5648     23.1680      1.0849     124      0.5132
 2017     21.3022      4.1498     31.6815      0.5487     128      0.5156
 2018     21.3022      4.7031     19.3997      0.3441      52      0.9299
 2019     21.3022      4.8414     19.1205      0.4633      52      0.9135
 2020     21.3022      7.6079     23.3075      0.1883      58      0.9232
 2021     21.3022      8.2996     18.8414      0.4651     130      0.5562
 2022     21.1639      7.7463     22.4701      0.4889      58      0.9007
 2023     21.4405      7.8846     30.5650      1.1131      62      0.8984
 2024     21.1639      8.8529     30.5650      0.2047      62      0.9059
 2025     21.0256      8.4379     31.9606      0.0710      62      0.9144
 2026     21.0256      8.7145     31.8210      0.1394      62      0.9020
 2027     21.0256      8.8529     23.7262      0.6268      58      0.9187
 2028     21.3022      8.7145     31.6815      0.5217      62      0.9123
 2029     21.3022      8.9912     23.3075      0.3543      58      0.9233
 2030     21.4405     11.8960     19.1205      0.4607      60      0.9134
 2031     21.3022     12.4493     23.0284      0.3021     132      0.5537
 2032     21.3022     13.0026     19.3997      0.3768      60      0.9299
 2033     21.1639     12.7260     23.1680      0.9159     132      0.5132
 2034     21.3022     13.1410     19.1205      0.4635      60      0.9135
 2035     21.3022     15.9075     23.3075      0.1903      66      0.9232
 2036     21.3022     16.0458     30.9837      0.5036      70      0.9130
 2037     21.3022     16.8758     30.7045      0.3871      70      0.9151
 2038     21.3022     16.8758     23.7262      0.3981      66      0.9187
 2039     21.0256     17.1524     23.7262      0.2159      66      0.9187
 2040     21.3022     17.1524     30.8441      0.4660      70      0.9259
 2041     21.3022     17.2907     23.3075      0.3562      66      0.9233
 2042     21.3022     20.0573     19.1205      0.4580      68      0.9134
 2043     21.3022     20.1956     19.3997      0.3445      68      0.9299
 2044     21.3022     20.7489     23.0284      0.3132     140      0.5537
 2045     21.3022     21.3022     19.3997      0.3433      68      0.9299
 2046     21.4405     21.3022     19.1205      0.4589      68      0.9135
 2047     21.3022     24.3454     30.5650      0.4060      54      0.9415
 2048     21.3022     24.2071     23.3075      0.4085      50      0.9232
 2049     21.4405     24.3454     30.8441      0.5842      54      0.9011
 2050     21.3022      0.2767     23.7262      0.2517      50      0.9187
 2051     21.4405      0.2767     30.5650      0.3745      54      0.9057
 2052     21.4405      0.5533     31.4023      0.2070      54      0.9000
 2053     21.4405      3.4582     27.7736      0.7380      56      0.9106
 2054     21.3022      3.4582     18.7018      0.1210      52      0.9070
 2055     21.4405      3.3198     27.3549      0.3651      56      0.9250
 2056     21.3022      4.1498     18.1436      0.2388      52      0.9350
 2057     21.4405      4.5648     27.7736      1.0830      56      0.8896
 2058     21.4405      4.1498     19.5392      0.2004      52      0.9437
 2059     21.3022      4.8414     18.7018      0.1221      52      0.9070
 2060     21.4405      4.7031     27.2154      0.2574      56      0.9144
 2061     21.1639      7.4696     30.7045      0.1213      62      0.9218
 2062     21.4405      7.6079     30.8441      0.4252      62      0.9203
 2063     21.3022      8.4379     31.8210      0.2026      62      0.9033
 2064     21.4405      8.5762     30.5650      0.7208      62      0.9073
 2065     21.5789     11.6194     27.2154      0.6566      64      0.9399
 2066     21.5789     11.7577     27.4945      1.0125      64      0.8906
 2067     21.1639     11.7577     26.5175      0.1746      64      0.9135
 2068     21.3022     11.7577     18.7018      0.1250      60      0.9070
 2069     21.4405     11.7577     26.6571      0.1796      64      0.9338
 2070     21.3022     12.4493     18.1436      0.2364      60      0.9350
 2071     21.5789     12.8643     27.4945      1.7268      64      0.9228
 2072     21.4405     12.4493     19.5392      0.2031      60      0.9437
 2073     21.5789     12.8643     26.9362      0.6384      64      0.9262
 2074     21.3022     13.1410     18.7018      0.1229      60      0.9071
 2075     21.3022     16.4608     30.7045      0.1104      70      0.9079
 2076     21.4405     17.2907     31.5419      0.3805      70      0.9280
 2077     21.5789     19.9189     27.2154      0.6172      72      0.9224
 2078     21.4405     20.0573     26.7967      0.7479      72      0.9096
 2079     21.4405     20.1956     18.7018      0.1234      68      0.9070
 2080     21.5789     20.0573     27.7736      0.6357      72      0.9219
 2081     21.4405     21.0256     27.9132      1.1233      72      0.9043
 2082     21.3022     20.7489     18.1436      0.2408      68      0.9350
 2083     21.4405     20.7489     19.5392      0.2044      68      0.9437
 2084     21.3022     21.4405     18.7018      0.1221      68      0.9071
 2085     21.3022     24.2071     31.4023      0.1446      54      0.9043
 2086     21.3022     24.6220     31.8210      0.2519      54      0.9069
 2087     21.4405      3.8731     19.3997      0.3649      52      0.8985
 2088     21.5789      3.8731     27.9132      0.1174      56      0.9162
 2089     21.4405      4.4264     19.3997      0.2106      52      0.8985
 2090     21.4405      8.8529     31.2628      0.0712      62      0.9141
 2091     21.4405     12.1727     19.3997      0.3588      60      0.8985
 2092     21.4405     12.0344     26.5175      0.1857      64      0.9131
 2093     21.4405     12.7260     19.3997      0.2097      60      0.8985
 2094     21.4405     16.0458     31.2628      0.0755      70      0.9120
 2095     21.4405     20.4722     19.3997      0.2106      68      0.8985
 2096     21.4405     21.0256     19.3997      0.3600      68      0.8985
 2097     21.5789     21.1639     27.2154      0.3779      72      0.9204
 2098     21.7172      0.0000     30.9837      0.2666      54      0.9410
 2099     21.5789     21.1639     27.4945      0.0705      72      0.9195
 2100     21.8555     20.6106     27.3549      0.1855      72      0.9433
 2101     24.3454      7.6079     18.7018      0.1214       9      0.9070
 2102     24.3454      8.2996     18.1436      0.2389       9      0.9350
 2103     24.3454     15.9075     18.7018      0.1722      17      0.9070
 2104     24.3454     16.5991     18.1436      0.2348      17      0.9350
 2105     24.3454      0.0000     18.1436      0.2397       1      0.9350
 2106     24.2071     16.0458     19.1205      0.4115      17      0.9134
 2107     24.2071      7.7463     19.1205      0.4605       9      0.9134
 2108     24.2071     17.1524     19.1205      0.4602      17      0.9134
 2109     24.3454      8.9912     19.1205      0.4564       9      0.9134
 2110     24.3454     24.2071     19.1205      0.4728       1      0.9134
 2111     24.2071      0.5533     18.7018      0.1201       1      0.9070
 2112     24.0687      9.1295     27.0758      1.1298      13      0.9243
 2113     24.0687      9.1295     27.4945      0.1381      13      0.9039
 2114     24.3454      8.9912     18.7018      0.1232       9      0.9070
 2115     24.3454     17.2907     18.7018      0.1235      17      0.9070
 2116     24.0687     24.7604     27.9132      1.3541       5      0.9133
 2117     24.2071      0.8300     27.7736      0.7935       5      0.9144
 2118     24.0687      0.6916     26.9362      1.2045       5      0.9043
 2119     24.3454      0.6916     19.1205      0.4636       1      0.9134
 2120     24.0687      0.8300     27.4945      0.0884       5      0.9115
 2121     24.0687      8.1612     27.9132      1.4696      13      0.9132
 2122     24.2071      7.8846     26.7967      1.0843      13      0.9406
 2123     24.0687      8.9912     27.7736      0.7559      13      0.9110
 2124     24.0687     17.4291     27.0758      1.0426      21      0.9274
 2125     24.2071     17.4291     27.7736      0.9082      21      0.9213
 2126     24.0687     17.4291     27.4945      0.2232      21      0.9101
 2127     24.0687      0.1383     26.6571      0.2699       5      0.9366
 2128     24.2071      3.7348     30.7045      0.6701       7      0.9088
 2129     24.0687      7.8846     27.0758      0.3185      13      0.9041
 2130     24.2071     12.7260     30.5650      0.5804      15      0.9212
 2131     24.2071     16.1841     26.7967      1.1736      21      0.9359
 2132     24.2071     20.4722     30.5650      0.3261      23      0.9005
 2133     24.3454     20.1956     30.5650      0.2463      23      0.9336
 2134     24.2071     20.1956     30.8441      0.4597      23      0.9023
 2135     24.2071     21.0256     30.5650      0.6164      23      0.9040
 2136     24.2071     21.3022     30.8441      0.8829      23      0.9093
 2137     24.3454     24.2071     18.7018      0.1221       1      0.9070
 2138     24.0687     24.4837     27.0758      0.3015       5      0.9179
 2139     24.2071      0.2767     19.3997      0.3599       1      0.8985
 2140     24.6220     24.4837     23.1680      1.2747      75      0.5131
 2141     24.3454      3.4582     30.8441      0.3339       7      0.9138
 2142     24.2071      3.5965     23.3075      0.3557       3      0.9232
 2143     24.2071      4.0115     30.5650      0.1586       7      0.9100
 2144     24.2071      4.2881     30.5650      0.2759       7      0.9224
 2145     24.2071      4.2881     22.4701      0.2124       3      0.9112
 2146     24.3454      4.8414     23.3075      0.3007       3      0.9232
 2147     24.2071      8.0229     19.3997      0.2932       9      0.8985
 2148     24.2071      8.5762     19.3997      0.2796       9      0.8985
 2149     24.2071     11.8960     23.3075      0.3740      11      0.9232
 2150     24.3454     12.1727     23.7262      0.5371      11      0.9186
 2151     24.3454     13.1410     23.3075      0.3873      11      0.9232
 2152     24.2071     16.3225     19.3997      0.2106      17      0.8985
 2153     24.2071     16.8758     19.3997      0.3623      17      0.8985
 2154     24.6220     16.1841     23.1680      1.2760      91      0.5131
 2155     24.6220     20.0573     30.5650      0.2267      23      0.9085
 2156     24.2071     20.1956     23.3075      0.0962      19      0.9232
 2157     24.3454     20.4722     23.7262      0.3629      19      0.9186
 2158     24.2071     20.8872     22.4701      0.2088      19      0.9112
 2159     24.3454     21.4405     23.3075      0.3003      19      0.9232
 2160     24.3454     21.3022     30.5650      0.1078      23      0.9403
 2161     24.4837     21.1639     31.8210      0.6170      23      0.9189
 2162     24.2071     24.6220     19.3997      0.2101       1      0.8985
 2163     24.2071      0.0000     19.5392      0.2011       1      0.9436
 2164     24.3454      0.0000     23.0284      0.3082      75      0.5536
 2165     24.3454      0.5533     19.3997      0.3414       1      0.9299
 2166     24.3454      4.0115     31.8210      0.2966       7      0.9261
 2167     24.6220      4.1498     27.3549      0.2230      77      0.5037
 2168     24.3454      7.7463     19.3997      0.3420       9      0.9299
 2169     24.6220      7.8846     23.1680      0.9468      83      0.5132
 2170     24.2071      8.2996     19.5392      0.2025       9      0.9436
 2171     24.3454      8.2996     23.0284      0.3118      83      0.5536
 2172     24.3454      8.8529     19.3997      0.3466       9      0.9299
 2173     24.3454     12.4493     18.8414      0.3988      81      0.5561
 2174     24.6220     15.9075     19.3997      0.2094      17      0.8985
 2175     24.3454     16.0458     19.3997      0.4619      17      0.9299
 2176     24.2071     16.5991     19.5392      0.2012      17      0.9436
 2177     24.3454     16.5991     23.0284      0.3054      91      0.5536
 2178     24.3454     17.1524     19.3997      0.3434      17      0.9299
 2179     24.6220     17.2907     19.3997      0.2098      17      0.8985
 2180     24.3454     20.0573     23.3075      0.0930      19      0.9232
 2181     24.4837     20.4722     18.8414      0.5646      89      0.5018
 2182     24.3454     20.7489     18.8414      0.4863      89      0.5561
 2183     24.3454     24.3454     19.3997      0.3426       1      0.9298
  -------------------------------------------------------------------------
